film_name,star,ranking,comment_num,year,direct,film_eng_name,quote,poster,genre
"肖申克的救赎,[可播放]",9.6,1,894830人评价,,"
                            导演: 弗兰克·德拉邦特 Frank Darabont   主演: 蒂姆·罗宾斯 Tim Robbins /...,
                            1994 / 美国 / 犯罪 剧情
                        ", / The Shawshank Redemption,希望让人自由。,https://img3.doubanio.com/view/movie_poster_cover/ipst/public/p480747492.jpg,
"霸王别姬,[可播放]",9.5,2,644473人评价,,"
                            导演: 陈凯歌 Kaige Chen   主演: 张国荣 Leslie Cheung / 张丰毅 Fengyi Zha...,
                            1993 / 中国大陆 香港 / 剧情 爱情 同性
                        ", / 再见，我的妾  /  Farewell My Concubine,风华绝代。,https://img3.doubanio.com/view/movie_poster_cover/ipst/public/p1910813120.jpg,
"这个杀手不太冷,[可播放]",9.4,3,852790人评价,,"
                            导演: 吕克·贝松 Luc Besson   主演: 让·雷诺 Jean Reno / 娜塔莉·波特曼 ...,
                            1994 / 法国 / 剧情 动作 犯罪
                        ", / Léon,怪蜀黍和小萝莉不得不说的故事。,https://img3.doubanio.com/view/movie_poster_cover/ipst/public/p511118051.jpg,
"阿甘正传,[可播放]",9.4,4,726157人评价,,"
                            导演: Robert Zemeckis   主演: Tom Hanks / Robin Wright Penn / Gary Sinise,
                            1994 / 美国 / 剧情 爱情
                        ", / Forrest Gump,一部美国近现代史。,https://img1.doubanio.com/view/movie_poster_cover/ipst/public/p510876377.jpg,
"美丽人生,[可播放]",9.5,5,423786人评价,,"
                            导演: 罗伯托·贝尼尼 Roberto Benigni   主演: 罗伯托·贝尼尼 Roberto Beni...,
                            1997 / 意大利 / 剧情 喜剧 爱情 战争
                        ", / La vita è bella,最美的谎言。,https://img3.doubanio.com/view/movie_poster_cover/ipst/public/p510861873.jpg,
"千与千寻,[可播放]",9.2,6,677231人评价,,"
                            导演: 宫崎骏 Hayao Miyazaki   主演: 柊瑠美 Rumi Hîragi / 入野自由 Miy...,
                            2001 / 日本 / 剧情 动画 奇幻
                        ", / 千と千尋の神隠し,最好的宫崎骏，最好的久石让。 ,https://img3.doubanio.com/view/movie_poster_cover/ipst/public/p1910830216.jpg,
"辛德勒的名单,[可播放]",9.4,7,390204人评价,,"
                            导演: 史蒂文·斯皮尔伯格 Steven Spielberg   主演: 连姆·尼森 Liam Neeson...,
                            1993 / 美国 / 剧情 历史 战争
                        ", / Schindler's List,拯救一个人，就是拯救整个世界。,https://img3.doubanio.com/view/movie_poster_cover/ipst/public/p492406163.jpg,
"泰坦尼克号,[可播放]",9.2,8,667886人评价,,"
                            导演: 詹姆斯·卡梅隆 James Cameron   主演: 莱昂纳多·迪卡普里奥 Leonardo...,
                            1997 / 美国 / 剧情 爱情 灾难
                        ", / Titanic,失去的才是永恒的。 ,https://img3.doubanio.com/view/movie_poster_cover/ipst/public/p457760035.jpg,
"盗梦空间,[可播放]",9.2,9,777300人评价,,"
                            导演: 克里斯托弗·诺兰 Christopher Nolan   主演: 莱昂纳多·迪卡普里奥 Le...,
                            2010 / 美国 英国 / 剧情 动作 科幻 悬疑 冒险
                        ", / Inception,诺兰给了我们一场无法盗取的梦。,https://img3.doubanio.com/view/movie_poster_cover/ipst/public/p513344864.jpg,
"机器人总动员,[可播放]",9.3,10,507537人评价,,"
                            导演: 安德鲁·斯坦顿 Andrew Stanton   主演: 本·贝尔特 Ben Burtt / 艾丽...,
                            2008 / 美国 / 喜剧 爱情 科幻 动画 冒险
                        ", / WALL·E,小瓦力，大人生。,https://img3.doubanio.com/view/movie_poster_cover/ipst/public/p449665982.jpg,
海上钢琴师,9.2,11,608617人评价,,"
                            导演: 朱塞佩·托纳多雷 Giuseppe Tornatore   主演: 蒂姆·罗斯 Tim Roth / ...,
                            1998 / 意大利 / 剧情 音乐
                        ", / La leggenda del pianista sull'oceano,每个人都要走一条自己坚定了的路，就算是粉身碎骨。 ,https://img1.doubanio.com/view/movie_poster_cover/ipst/public/p511146807.jpg,
"三傻大闹宝莱坞,[可播放]",9.1,12,687185人评价,,"
                            导演: 拉库马·希拉尼 Rajkumar Hirani   主演: 阿米尔·汗 Aamir Khan / 卡...,
                            2009 / 印度 / 剧情 喜剧 爱情 歌舞
                        ", / 3 Idiots,英俊版憨豆，高情商版谢耳朵。,https://img3.doubanio.com/view/movie_poster_cover/ipst/public/p579729551.jpg,
"忠犬八公的故事,[可播放]",9.2,13,465742人评价,,"
                            导演: 莱塞·霍尔斯道姆 Lasse Hallström   主演: 理查·基尔 Richard Ger...,
                            2009 / 美国 英国 / 剧情
                        ", / Hachi: A Dog's Tale,永远都不能忘记你所爱的人。,https://img3.doubanio.com/view/movie_poster_cover/ipst/public/p524964016.jpg,
"放牛班的春天,[可播放]",9.2,14,461340人评价,,"
                            导演: 克里斯托夫·巴拉蒂 Christophe Barratier   主演: 杰拉尔·朱诺 Géra...,
                            2004 / 法国 瑞士 德国 / 剧情 音乐
                        ", / Les choristes,天籁一般的童声，是最接近上帝的存在。 ,https://img3.doubanio.com/view/movie_poster_cover/ipst/public/p1910824951.jpg,
"大话西游之大圣娶亲,[可播放]",9.2,15,498639人评价,,"
                            导演: 刘镇伟 Jeffrey Lau   主演: 周星驰 Stephen Chow / 吴孟达 Man Tat Ng...,
                            1995 / 香港 中国大陆 / 动作 冒险 喜剧 奇幻 爱情
                        ", / 西遊記大結局之仙履奇緣,一生所爱。,https://img3.doubanio.com/view/movie_poster_cover/ipst/public/p2455050536.jpg,
"教父,[可播放]",9.2,16,349948人评价,,"
                            导演: 弗朗西斯·福特·科波拉 Francis Ford Coppola   主演: 马龙·白兰度 M...,
                            1972 / 美国 / 剧情 犯罪
                        ", / The Godfather,千万不要记恨你的对手，这样会让你失去理智。,https://img3.doubanio.com/view/movie_poster_cover/ipst/public/p2190556185.jpg,
龙猫,9.1,17,426406人评价,,"
                            导演: 宫崎骏 Hayao Miyazaki   主演: 日高法子 Noriko Hidaka / 坂本千夏 Ch...,
                            1988 / 日本 / 儿童 动画 奇幻 家庭
                        ", / となりのトトロ,人人心中都有个龙猫，童年就永远不会消失。,https://img3.doubanio.com/view/movie_poster_cover/ipst/public/p456668316.jpg,
"楚门的世界,[可播放]",9.1,18,465731人评价,,"
                            导演: 彼得·威尔 Peter Weir   主演: 金·凯瑞 Jim Carrey / 劳拉·琳妮 Lau...,
                            1998 / 美国 / 剧情 科幻
                        ", / The Truman Show,如果再也不能见到你，祝你早安，午安，晚安。,https://img3.doubanio.com/view/movie_poster_cover/ipst/public/p479682972.jpg,
"乱世佳人,[可播放]",9.2,19,275394人评价,,"
                            导演: 维克多·弗莱明 Victor Fleming / 乔治·库克 George Cukor   主演: 托...,
                            1939 / 美国 / 剧情 历史 爱情 战争
                        ", / Gone with the Wind,Tomorrow is another day.,https://img3.doubanio.com/view/movie_poster_cover/ipst/public/p1963126880.jpg,
"天堂电影院,[可播放]",9.1,20,314225人评价,,"
                            导演: 朱塞佩·托纳多雷 Giuseppe Tornatore   主演: 安东娜拉·塔莉 Antonel...,
                            1988 / 意大利 法国 / 剧情 爱情
                        ", / Nuovo Cinema Paradiso,那些吻戏，那些青春，都在影院的黑暗里被泪水冲刷得无比清晰。,https://img3.doubanio.com/view/movie_poster_cover/ipst/public/p1910901025.jpg,
触不可及,9.1,21,372509人评价,,"
                            导演: 奥利维·那卡什 Olivier Nakache / 艾力克·托兰达 Eric Toledano   主...,
                            2011 / 法国 / 剧情 喜剧
                        ", / Intouchables,满满温情的高雅喜剧。,https://img3.doubanio.com/view/movie_poster_cover/ipst/public/p1454261925.jpg,
"当幸福来敲门,[可播放]",8.9,22,548404人评价,,"
                            导演: 加布里尔·穆奇诺 Gabriele Muccino   主演: 威尔·史密斯 Will Smith ...,
                            2006 / 美国 / 剧情 传记 家庭
                        ", / The Pursuit of Happyness,平民励志片。 ,https://img1.doubanio.com/view/movie_poster_cover/ipst/public/p1312700628.jpg,
熔炉,9.2,23,259909人评价,,"
                            导演: 黄东赫 Dong-hyuk Hwang   主演: 孔侑 Yoo Gong / 郑有美 Yu-mi Jeong ...,
                            2011 / 韩国 / 剧情
                        ", / 도가니,我们一路奋战不是为了改变世界，而是为了不让世界改变我们。,https://img3.doubanio.com/view/movie_poster_cover/ipst/public/p1363250216.jpg,
"无间道,[可播放]",9.0,24,407729人评价,,"
                            导演: 刘伟强 / 麦兆辉   主演: 刘德华 / 梁朝伟 / 黄秋生,
                            2002 / 香港 / 剧情 犯罪 悬疑
                        ", / 無間道,香港电影史上永不过时的杰作。,https://img3.doubanio.com/view/movie_poster_cover/ipst/public/p2233971046.jpg,
搏击俱乐部,9.0,25,409346人评价,,"
                            导演: 大卫·芬奇 David Fincher   主演: 爱德华·诺顿 Edward Norton / 布拉...,
                            1999 / 美国 德国 / 剧情 动作 悬疑 惊悚
                        ", / Fight Club,邪恶与平庸蛰伏于同一个母体，在特定的时间互相对峙。,https://img1.doubanio.com/view/movie_poster_cover/ipst/public/p1910926158.jpg,
十二怒汉,9.4,26,174415人评价,,"
                            导演: Sidney Lumet   主演: 亨利·方达 Henry Fonda / 马丁·鲍尔萨姆 Marti...,
                            1957 / 美国 / 剧情
                        ", / 12 Angry Men,1957年的理想主义。 ,https://img3.doubanio.com/view/movie_poster_cover/ipst/public/p2173577632.jpg,
"星际穿越,[可播放]",9.1,27,494268人评价,,"
                            导演: 克里斯托弗·诺兰 Christopher Nolan   主演: 马修·麦康纳 Matthew Mc...,
                            2014 / 美国 英国 加拿大 冰岛 / 剧情 科幻 冒险
                        ", / Interstellar,爱是一种力量，让我们超越时空感知它的存在。,https://img3.doubanio.com/view/movie_poster_cover/ipst/public/p2206088801.jpg,
"怦然心动,[可播放]",8.9,28,558171人评价,,"
                            导演: 罗伯·莱纳 Rob Reiner   主演: 玛德琳·卡罗尔 Madeline Carroll / 卡...,
                            2010 / 美国 / 剧情 喜剧 爱情
                        ", / Flipped,真正的幸福是来自内心深处。,https://img3.doubanio.com/view/movie_poster_cover/ipst/public/p663036666.jpg,
"指环王3：王者无敌,[可播放]",9.1,29,288881人评价,,"
                            导演: 彼得·杰克逊 Peter Jackson   主演: 维果·莫腾森 Viggo Mortensen / ...,
                            2003 / 美国 新西兰 / 剧情 动作 奇幻 冒险
                        ", / The Lord of the Rings: The Return of the King,史诗的终章。,https://img3.doubanio.com/view/movie_poster_cover/ipst/public/p1910825503.jpg,
"少年派的奇幻漂流,[可播放]",9.0,30,587044人评价,,"
                            导演: 李安 Ang Lee   主演: 苏拉·沙玛 Suraj Sharma / 拉菲·斯波 Rafe Spa...,
                            2012 / 美国 台湾 英国 加拿大 / 剧情 奇幻 冒险
                        ", / Life of Pi,瑰丽壮观、无人能及的冒险之旅。,https://img3.doubanio.com/view/movie_poster_cover/ipst/public/p1784592701.jpg,
天空之城,9.0,31,337776人评价,,"
                            导演: 宫崎骏 Hayao Miyazaki   主演: 田中真弓 Mayumi Tanaka / 横泽启子 Ke...,
                            1986 / 日本 / 动画 奇幻 冒险
                        ", / 天空の城ラピュタ,对天空的追逐，永不停止。 ,https://img1.doubanio.com/view/movie_poster_cover/ipst/public/p1446261379.jpg,
鬼子来了,9.2,32,232450人评价,,"
                            导演: 姜文 Wen Jiang   主演: 姜文 Wen Jiang / 香川照之 Teruyuki Kagawa /...,
                            2000 / 中国大陆 / 剧情 战争
                        ", / Devils on the Doorstep,对敌人的仁慈，就是对自己残忍。,https://img3.doubanio.com/view/movie_poster_cover/ipst/public/p1181775734.jpg,
"蝙蝠侠：黑暗骑士,[可播放]",9.0,33,326315人评价,,"
                            导演: 克里斯托弗·诺兰 Christopher Nolan   主演: 克里斯蒂安·贝尔 Christ...,
                            2008 / 美国 英国 / 剧情 动作 科幻 犯罪 惊悚
                        ", / The Dark Knight,无尽的黑暗。,https://img3.doubanio.com/view/movie_poster_cover/ipst/public/p462657443.jpg,
"罗马假日,[可播放]",8.9,34,390889人评价,,"
                            导演: 威廉·惠勒 William Wyler   主演: 奥黛丽·赫本 Audrey Hepburn / 格...,
                            1953 / 美国 / 喜剧 剧情 爱情
                        ", / Roman Holiday,爱情哪怕只有一天。,https://img3.doubanio.com/view/movie_poster_cover/ipst/public/p2189265085.jpg,
"活着,[可播放]",9.1,35,271448人评价,,"
                            导演: 张艺谋 Yimou Zhang   主演: 葛优 You Ge / 巩俐 Li Gong / 姜武 Wu Jiang,
                            1994 / 中国大陆 香港 / 剧情 历史 家庭
                        ", / 人生  /  Lifetimes,张艺谋最好的电影。,https://img3.doubanio.com/view/movie_poster_cover/ipst/public/p2173575484.jpg,
"大话西游之月光宝盒,[可播放]",8.9,36,402883人评价,,"
                            导演: 刘镇伟 Jeffrey Lau   主演: 周星驰 Stephen Chow / 吴孟达 Man Tat Ng...,
                            1995 / 香港 中国大陆 / 喜剧 动作 爱情 奇幻 冒险 古装
                        ", / 西遊記第壹佰零壹回之月光寶盒,旷古烁今。,https://img3.doubanio.com/view/movie_poster_cover/ipst/public/p1280323646.jpg,
"两杆大烟枪,[可播放]",9.0,37,276645人评价,,"
                            导演: Guy Ritchie   主演: Jason Flemyng / Dexter Fletcher / Nick Moran,
                            1998 / 英国 / 剧情 喜剧 犯罪
                        "," / Lock, Stock and Two Smoking Barrels",4个臭皮匠顶个诸葛亮，盖·里奇果然不是盖的。,https://img1.doubanio.com/view/movie_poster_cover/ipst/public/p792443418.jpg,
"飞屋环游记,[可播放]",8.9,38,503590人评价,,"
                            导演: 彼特·道格特 Pete Docter / 鲍勃·彼德森 Bob Peterson   主演: 爱德...,
                            2009 / 美国 / 剧情 喜剧 动画 冒险
                        ", / Up,最后那些最无聊的事情，才是最值得怀念的。 ,https://img3.doubanio.com/view/movie_poster_cover/ipst/public/p485887754.jpg,
"窃听风暴,[可播放]",9.1,39,225681人评价,,"
                            导演: 弗洛里安·亨克尔·冯·多纳斯马 Florian Henckel von Donnersmarck   ...,
                            2006 / 德国 / 剧情 悬疑
                        ", / Das Leben der Anderen,别样人生。,https://img1.doubanio.com/view/movie_poster_cover/ipst/public/p1808872109.jpg,
飞越疯人院,9.0,40,280366人评价,,"
                            导演: 米洛斯·福尔曼 Miloš Forman   主演: 杰克·尼科尔森 Jack Nichols...,
                            1975 / 美国 / 剧情
                        ", / One Flew Over the Cuckoo's Nest,自由万岁。,https://img1.doubanio.com/view/movie_poster_cover/ipst/public/p792238287.jpg,
"海豚湾,[可播放]",9.3,41,183280人评价,,"
                            导演: Louie Psihoyos   主演: John Chisholm / Mandy-Rae Cruikshank / Char...,
                            2009 / 美国 / 纪录片
                        ", / The Cove,海豚的微笑，是世界上最高明的伪装。,https://img3.doubanio.com/view/movie_poster_cover/ipst/public/p455222172.jpg,
"闻香识女人,[可播放]",8.9,42,324800人评价,,"
                            导演: 马丁·布莱斯 Martin Brest   主演: 阿尔·帕西诺 Al Pacino / 克里斯...,
                            1992 / 美国 / 剧情
                        ", / Scent of a Woman,史上最美的探戈。,https://img1.doubanio.com/view/movie_poster_cover/ipst/public/p925123037.jpg,
"V字仇杀队,[可播放]",8.8,43,420315人评价,,"
                            导演: 詹姆斯·麦克特格 James McTeigue   主演: 娜塔莉·波特曼 Natalie Por...,
                            2005 / 美国 英国 德国 / 剧情 动作 科幻 惊悚
                        ", / V for Vendetta,一张面具背后的理想与革命。,https://img3.doubanio.com/view/movie_poster_cover/ipst/public/p1465235231.jpg,
"哈尔的移动城堡,[可播放]",8.9,44,352422人评价,,"
                            导演: 宫崎骏 Hayao Miyazaki   主演: 倍赏千惠子 Chieko Baishô / 木村拓...,
                            2004 / 日本 / 爱情 动画 奇幻 冒险
                        ", / ハウルの動く城,带着心爱的人在天空飞翔。,https://img3.doubanio.com/view/movie_poster_cover/ipst/public/p2174346180.jpg,
"教父2,[可播放]",9.1,45,188379人评价,,"
                            导演: 弗朗西斯·福特·科波拉 Francis Ford Coppola   主演: 阿尔·帕西诺 A...,
                            1974 / 美国 / 剧情 犯罪
                        ", / The Godfather: Part Ⅱ,优雅的孤独。,https://img1.doubanio.com/view/movie_poster_cover/ipst/public/p2194138787.jpg,
"控方证人,[可播放]",9.6,46,89120人评价,,"
                            导演: 比利·怀尔德 Billy Wilder   主演: 查尔斯·劳顿 Charles Laughton / ...,
                            1957 / 美国 / 剧情 犯罪 悬疑
                        ", / Witness for the Prosecution,比利·怀德满分作品。,https://img1.doubanio.com/view/movie_poster_cover/ipst/public/p1505392928.jpg,
"美丽心灵,[可播放]",8.9,47,307155人评价,,"
                            导演: 朗·霍华德 Ron Howard   主演: 罗素·克劳 Russell Crowe / 詹妮弗·...,
                            2001 / 美国 / 传记 剧情
                        ", / A Beautiful Mind,爱是一切逻辑和原由。,https://img3.doubanio.com/view/movie_poster_cover/ipst/public/p1665997400.jpg,
"指环王2：双塔奇兵,[可播放]",8.9,48,272498人评价,,"
                            导演: 彼得·杰克逊 Peter Jackson   主演: 伊利亚·伍德 Elijah Wood / 西恩...,
                            2002 / 美国 新西兰 / 剧情 动作 奇幻 冒险
                        ", / The Lord of the Rings: The Two Towers,承前启后的史诗篇章。,https://img3.doubanio.com/view/movie_poster_cover/ipst/public/p909265336.jpg,
"指环王1：魔戒再现,[可播放]",8.9,49,304534人评价,,"
                            导演: 彼得·杰克逊 Peter Jackson   主演: 伊利亚·伍德 Elijah Wood / 西恩...,
                            2001 / 新西兰 美国 / 剧情 动作 奇幻 冒险
                        ", / The Lord of the Rings: The Fellowship of the Ring,传说的开始。,https://img3.doubanio.com/view/movie_poster_cover/ipst/public/p1354436051.jpg,
"死亡诗社,[可播放]",8.9,50,279634人评价,,"
                            导演: 彼得·威尔 Peter Weir   主演: 罗宾·威廉姆斯 Robin Williams / 罗伯...,
                            1989 / 美国 / 剧情
                        ", / Dead Poets Society,当一个死水般的体制内出现一个活跃的变数时，所有的腐臭都站在了光明的对面。,https://img3.doubanio.com/view/movie_poster_cover/ipst/public/p1910824340.jpg,
情书,8.8,51,377093人评价,,"
                            导演: 岩井俊二 Shunji Iwai   主演: 中山美穗 Miho Nakayama / 丰川悦司 Ets...,
                            1995 / 日本 / 剧情 爱情
                        ", / Love Letter,暗恋的极致。,https://img1.doubanio.com/view/movie_poster_cover/ipst/public/p449897379.jpg,
"辩护人,[可播放]",9.1,52,204919人评价,,"
                            导演: 杨宇硕 Woo-seok Yang   主演: 宋康昊 Kang-ho Song / 吴达洙 Dal-su O...,
                            2013 / 韩国 / 剧情
                        ", / 변호인,电影的现实意义大过电影本身。,https://img3.doubanio.com/view/movie_poster_cover/ipst/public/p2158166535.jpg,
"天使爱美丽,[可播放]",8.7,53,484450人评价,,"
                            导演: 让-皮埃尔·热内 Jean-Pierre Jeunet   主演: 奥黛丽·塔图 Audrey Tau...,
                            2001 / 法国 德国 / 喜剧 爱情
                        ", / Le fabuleux destin d'Amélie Poulain,法式小清新。 ,https://img3.doubanio.com/view/movie_poster_cover/ipst/public/p803896904.jpg,
美国往事,9.1,54,175452人评价,,"
                            导演: 赛尔乔·莱翁内 Sergio Leone   主演: 罗伯特·德尼罗 Robert De Niro ...,
                            1984 / 意大利 美国 / 犯罪 剧情
                        ", / Once Upon a Time in America,往事如烟，无处祭奠。,https://img1.doubanio.com/view/movie_poster_cover/ipst/public/p477229647.jpg,
饮食男女,9.0,55,198256人评价,,"
                            导演: 李安 Ang Lee   主演: 吴倩莲 Chien-lien Wu / 杨贵媚 Kuei-Mei Yang /...,
                            1994 / 台湾 美国 / 剧情 家庭
                        ", / 飲食男女,人生不能像做菜，把所有的料都准备好了才下锅。,https://img3.doubanio.com/view/movie_poster_cover/ipst/public/p1910899751.jpg,
"钢琴家,[可播放]",9.0,56,203666人评价,,"
                            导演: 罗曼·波兰斯基 Roman Polanski   主演: 艾德里安·布洛迪 Adrien Brod...,
                            2002 / 法国 德国 英国 波兰 / 剧情 传记 历史 战争
                        ", / The Pianist,音乐能化解仇恨。,https://img3.doubanio.com/view/movie_poster_cover/ipst/public/p792484461.jpg,
"狮子王,[可播放]",8.9,57,282451人评价,,"
                            导演: Roger Allers / 罗伯·明可夫 Rob Minkoff   主演: 乔纳森·泰勒·托马...,
                            1994 / 美国 / 剧情 动画 冒险 歌舞 家庭
                        ", / The Lion King,动物版《哈姆雷特》。,https://img1.doubanio.com/view/movie_poster_cover/ipst/public/p2277799019.jpg,
"七宗罪,[可播放]",8.7,58,436685人评价,,"
                            导演: 大卫·芬奇 David Fincher   主演: 摩根·弗里曼 Morgan Freeman / 布...,
                            1995 / 美国 / 剧情 犯罪 悬疑 惊悚
                        ", / Se7en,警察抓小偷，老鼠玩死猫。,https://img3.doubanio.com/view/movie_poster_cover/ipst/public/p457631605.jpg,
"致命魔术,[可播放]",8.8,59,344322人评价,,"
                            导演: 克里斯托弗·诺兰 Christopher Nolan   主演: 克里斯蒂安·贝尔 Christ...,
                            2006 / 美国 英国 / 剧情 悬疑 惊悚
                        ", / The Prestige,孪生蝙蝠侠大战克隆金刚狼。,https://img3.doubanio.com/view/movie_poster_cover/ipst/public/p480383375.jpg,
"被嫌弃的松子的一生,[可播放]",8.9,60,283133人评价,,"
                            导演: 中岛哲也 Tetsuya Nakashima   主演: 中谷美纪 Miki Nakatani / 瑛太 E...,
                            2006 / 日本 / 剧情 歌舞
                        ", / 嫌われ松子の一生,以戏谑来戏谑戏谑。,https://img1.doubanio.com/view/movie_poster_cover/ipst/public/p453723669.jpg,
"疯狂动物城,[可播放]",9.2,61,497876人评价,,"
                            导演: 拜伦·霍华德 Byron Howard / 瑞奇·摩尔 Rich Moore   主演: 金妮弗·...,
                            2016 / 美国 / 喜剧 动画 冒险
                        ", / Zootopia,迪士尼给我们营造的乌托邦就是这样，永远善良勇敢，永远出乎意料。,https://img1.doubanio.com/view/movie_poster_cover/ipst/public/p2315672647.jpg,
"小鞋子,[可播放]",9.2,62,136938人评价,,"
                            导演: 马基德·马基迪 Majid Majidi   主演: Amir Farrokh Hashemian / 默罕...,
                            1997 / 伊朗 / 剧情 家庭 儿童
                        ", / بچههای آسمان,奔跑的孩子是天使。,https://img3.doubanio.com/view/movie_poster_cover/ipst/public/p2173580603.jpg,
"勇敢的心,[可播放]",8.8,63,295870人评价,,"
                            导演: 梅尔·吉布森 Mel Gibson   主演: 梅尔·吉布森 Mel Gibson / 苏菲·玛...,
                            1995 / 美国 / 动作 传记 剧情 历史 战争
                        ", / Braveheart,史诗大片的典范。,https://img3.doubanio.com/view/movie_poster_cover/ipst/public/p1374546770.jpg,
"剪刀手爱德华,[可播放]",8.7,64,484463人评价,,"
                            导演: Tim Burton   主演: 约翰尼·德普 Johnny Depp / 薇诺娜·瑞德 Winona ...,
                            1990 / 美国 / 剧情 奇幻 爱情
                        ", / Edward Scissorhands,浪漫忧郁的成人童话。,https://img1.doubanio.com/view/movie_poster_cover/ipst/public/p480956937.jpg,
"音乐之声,[可播放]",8.9,65,231994人评价,,"
                            导演: Robert Wise   主演: 朱丽·安德鲁斯 Julie Andrews / 克里斯托弗·普...,
                            1965 / 美国 / 剧情 爱情 歌舞 家庭 传记
                        ", / The Sound of Music,用音乐化解仇恨，让歌声串起美好。,https://img1.doubanio.com/view/movie_poster_cover/ipst/public/p453788577.jpg,
"低俗小说,[可播放]",8.8,66,334313人评价,,"
                            导演: 昆汀·塔伦蒂诺 Quentin Tarantino   主演: 约翰·特拉沃尔塔 John Tra...,
                            1994 / 美国 / 剧情 喜剧 犯罪
                        ", / Pulp Fiction,故事的高级讲法。,https://img3.doubanio.com/view/movie_poster_cover/ipst/public/p1910902213.jpg,
素媛,9.1,67,176672人评价,,"
                            导演: 李濬益 Jun-ik Lee   主演: 薛景求 Kyung-gu Sol / 严志媛 Ji-won Uhm ...,
                            2013 / 韩国 / 剧情 犯罪 家庭
                        ", / 소원,受过伤害的人总是笑得最开心，因为他们不愿意让身边的人承受一样的痛苦。,https://img3.doubanio.com/view/movie_poster_cover/ipst/public/p2118532944.jpg,
"本杰明·巴顿奇事,[可播放]",8.7,68,393073人评价,,"
                            导演: 大卫·芬奇 David Fincher   主演: 凯特·布兰切特 Cate Blanchett / ...,
                            2008 / 美国 / 剧情 爱情 奇幻
                        ", / The Curious Case of Benjamin Button,在时间之河里感受溺水之苦。,https://img3.doubanio.com/view/movie_poster_cover/ipst/public/p2192535722.jpg,
入殓师,8.8,69,318568人评价,,"
                            导演: 泷田洋二郎 Yôjirô Takita   主演: 本木雅弘 Masahiro Motoki / ...,
                            2008 / 日本 / 剧情
                        ", / おくりびと,死可能是一道门，逝去并不是终结，而是超越，走向下一程。,https://img1.doubanio.com/view/movie_poster_cover/ipst/public/p594972928.jpg,
沉默的羔羊,8.7,70,352757人评价,,"
                            导演: 乔纳森·戴米 Jonathan Demme   主演: 朱迪·福斯特 Jodie Foster / 安...,
                            1991 / 美国 / 剧情 犯罪 惊悚
                        ", / The Silence of the Lambs,安东尼·霍普金斯的顶级表演。,https://img1.doubanio.com/view/movie_poster_cover/ipst/public/p1593414327.jpg,
"黑客帝国,[可播放]",8.8,71,280257人评价,,"
                            导演: 安迪·沃卓斯基 Andy Wachowski / 拉娜·沃卓斯基 Lana Wachowski   主...,
                            1999 / 美国 澳大利亚 / 动作 科幻
                        ", / The Matrix,视觉革命。,https://img3.doubanio.com/view/movie_poster_cover/ipst/public/p1910908765.jpg,
"拯救大兵瑞恩,[可播放]",8.8,72,236844人评价,,"
                            导演: 史蒂文·斯皮尔伯格 Steven Spielberg   主演: 汤姆·汉克斯 Tom Hanks...,
                            1998 / 美国 / 剧情 历史 战争
                        ", / Saving Private Ryan,美利坚精神输出大片No1.,https://img3.doubanio.com/view/movie_poster_cover/ipst/public/p1014542496.jpg,
"西西里的美丽传说,[可播放]",8.7,73,346274人评价,,"
                            导演: 朱塞佩·托纳多雷 Giuseppe Tornatore   主演: 莫妮卡·贝鲁奇 Monica ...,
                            2000 / 意大利 美国 / 剧情 战争 情色
                        ", / Malèna,美丽无罪。,https://img3.doubanio.com/view/movie_poster_cover/ipst/public/p792400696.jpg,
"玛丽和马克思,[可播放]",8.9,74,232085人评价,,"
                            导演: 亚当·艾略特 Adam Elliot   主演: 托妮·科莱特 Toni Collette / 菲利...,
                            2009 / 澳大利亚 / 剧情 动画
                        ", / Mary and Max,你是我最好的朋友，你是我唯一的朋友 。,https://img1.doubanio.com/view/movie_poster_cover/ipst/public/p1820615077.jpg,
"蝴蝶效应,[可播放]",8.7,75,380642人评价,,"
                            导演: 埃里克·布雷斯 Eric Bress / J·麦基·格鲁伯 J. Mackye Gruber   主...,
                            2004 / 美国 加拿大 / 剧情 悬疑 科幻 惊悚
                        ", / The Butterfly Effect,人的命运被自己瞬间的抉择改变。,https://img1.doubanio.com/view/movie_poster_cover/ipst/public/p2209066019.jpg,
春光乍泄,8.8,76,244398人评价,,"
                            导演: 王家卫 Kar Wai Wong   主演: 张国荣 Leslie Cheung / 梁朝伟 Tony Leu...,
                            1997 / 香港 日本 韩国 / 剧情 爱情 同性
                        ", / 春光乍洩,爱情纠缠，男女一致。,https://img3.doubanio.com/view/movie_poster_cover/ipst/public/p465939041.jpg,
"心灵捕手,[可播放]",8.7,77,269128人评价,,"
                            导演: 格斯·范·桑特 Gus Van Sant   主演: 马特·达蒙 Matt Damon / 罗宾·...,
                            1997 / 美国 / 剧情
                        ", / Good Will Hunting,人生中应该拥有这样的一段豁然开朗。,https://img3.doubanio.com/view/movie_poster_cover/ipst/public/p480965695.jpg,
"让子弹飞,[可播放]",8.7,78,619915人评价,,"
                            导演: 姜文 Wen Jiang   主演: 姜文 Wen Jiang / 葛优 You Ge / 周润发 Yun-F...,
                            2010 / 中国大陆 香港 / 剧情 喜剧 动作 西部
                        ", / 让子弹飞一会儿  /  火烧云,你给我翻译翻译，神马叫做TMD的惊喜。,https://img1.doubanio.com/view/movie_poster_cover/ipst/public/p1512562287.jpg,
"幽灵公主,[可播放]",8.8,79,233526人评价,,"
                            导演: 宫崎骏 Hayao Miyazaki   主演: 松田洋治 Yôji Matsuda / 石田百合...,
                            1997 / 日本 / 动作 爱情 战争 动画 奇幻 冒险
                        ", / もののけ姫,人与自然的战争史诗。,https://img3.doubanio.com/view/movie_poster_cover/ipst/public/p1613191025.jpg,
"大闹天宫,[可播放]",9.2,80,97679人评价,,"
                            导演: 万籁鸣 Laiming Wan / 唐澄 Cheng  Tang   主演: 邱岳峰 Yuefeng Qiu /...,
                            1961 / 1964 / 1978 / 2004 / 中国大陆 / 动画 奇幻
                        ", / 大闹天宫 上下集  /  The Monkey King,经典之作，历久弥新。,https://img1.doubanio.com/view/movie_poster_cover/ipst/public/p2184505167.jpg,
"第六感,[可播放]",8.8,81,233732人评价,,"
                            导演: M·奈特·沙马兰 M. Night Shyamalan   主演: 布鲁斯·威利斯 Bruce Wi...,
                            1999 / 美国 / 剧情 悬疑 惊悚
                        ", / The Sixth Sense,深入内心的恐怖，出人意料的结局。,https://img3.doubanio.com/view/movie_poster_cover/ipst/public/p2220184425.jpg,
阳光灿烂的日子,8.7,82,268485人评价,,"
                            导演: 姜文 Wen Jiang   主演: 夏雨 Yu Xia / 宁静 Jing Ning / 陶虹 Hong Tao,
                            1994 / 中国大陆 香港 / 剧情
                        ", / In the Heat of the Sun,一场华丽的意淫。,https://img1.doubanio.com/view/movie_poster_cover/ipst/public/p967457079.jpg,
重庆森林,8.6,83,327223人评价,,"
                            导演: 王家卫 Kar Wai Wong   主演: 林青霞 Brigitte Lin / 金城武 Takeshi K...,
                            1994 / 香港 / 剧情 爱情
                        ", / 重慶森林,寂寞没有期限。,https://img3.doubanio.com/view/movie_poster_cover/ipst/public/p2242058421.jpg,
"大鱼,[可播放]",8.7,84,250671人评价,,"
                            导演: 蒂姆·波顿 Tim Burton   主演: 伊万·麦克格雷格 Ewan McGregor / 阿...,
                            2003 / 美国 / 剧情 家庭 奇幻 冒险
                        ", / Big Fish,抱着梦想而活着的人是幸福的，怀抱梦想而死去的人是不朽的。,https://img3.doubanio.com/view/movie_poster_cover/ipst/public/p692813374.jpg,
射雕英雄传之东成西就,8.7,85,273970人评价,,"
                            导演: 刘镇伟 Jeffrey Lau   主演: 梁朝伟 Tony Leung Chiu Wai / 林青霞 Bri...,
                            1993 / 香港 / 喜剧 古装
                        ", / 射鵰英雄傳之東成西就,百看不厌。 ,https://img3.doubanio.com/view/movie_poster_cover/ipst/public/p1993903133.jpg,
"禁闭岛,[可播放]",8.6,86,356220人评价,,"
                            导演: Martin Scorsese   主演: 莱昂纳多·迪卡普里奥 Leonardo DiCaprio / ...,
                            2010 / 美国 / 剧情 悬疑 惊悚
                        ", / Shutter Island,昔日翩翩少年，今日大腹便便。,https://img1.doubanio.com/view/movie_poster_cover/ipst/public/p1832875827.jpg,
甜蜜蜜,8.7,87,230972人评价,,"
                            导演: 陈可辛 Peter Chan   主演: 黎明 Leon Lai / 张曼玉 Maggie Cheung / ...,
                            1996 / 香港 / 剧情 爱情
                        ", / Comrades: Almost a Love Story,相逢只要一瞬间，等待却像是一辈子。,https://img3.doubanio.com/view/movie_poster_cover/ipst/public/p2223011274.jpg,
"阳光姐妹淘,[可播放]",8.8,88,266201人评价,,"
                            导演: 姜炯哲 Hyeong-Cheol Kang   主演: 沈恩京 Eun-kyung Shim / 闵孝琳 Hy...,
                            2011 / 韩国 / 剧情 喜剧
                        ", / 써니,再多各自牛逼的时光，也比不上一起傻逼的岁月。 ,https://img1.doubanio.com/view/movie_poster_cover/ipst/public/p1374786017.jpg,
上帝之城,8.9,89,157192人评价,,"
                            导演: Kátia Lund / Fernando Meirelles   主演: Alexandre Rodrigues / Lea...,
                            2002 / 巴西 法国 / 犯罪 剧情
                        ", / Cidade de Deus,被上帝抛弃了的上帝之城。,https://img3.doubanio.com/view/movie_poster_cover/ipst/public/p455677490.jpg,
"致命ID,[可播放]",8.6,90,315628人评价,,"
                            导演: James Mangold   主演: John Cusack / Ray Liotta / Amanda Peet,
                            2003 / 美国 / 剧情 悬疑 惊悚
                        ", / Identity,最不可能的那个人永远是最可能的。,https://img3.doubanio.com/view/movie_poster_cover/ipst/public/p453720880.jpg,
一一,8.9,91,154461人评价,,"
                            导演: 杨德昌 Edward Yang   主演: 吴念真 / 李凯莉 Kelly Lee / 金燕玲 Elai...,
                            2000 / 台湾 日本 / 剧情 爱情 家庭
                        ", / Yi yi  /  Yi yi: A One and a Two,我们都曾经是一一。,https://img1.doubanio.com/view/movie_poster_cover/ipst/public/p2119675128.jpg,
"狩猎,[可播放]",9.0,92,125394人评价,,"
                            导演: 托马斯·温特伯格 Thomas Vinterberg   主演: 麦斯·米科尔森 Mads Mik...,
                            2012 / 丹麦 瑞典 / 剧情
                        ", / Jagten,人言可畏。,https://img1.doubanio.com/view/movie_poster_cover/ipst/public/p1546987967.jpg,
"告白,[可播放]",8.7,93,339105人评价,,"
                            导演: 中岛哲也 Tetsuya Nakashima   主演: 松隆子 Takako Matsu / 冈田将生 ...,
                            2010 / 日本 / 剧情 惊悚
                        ", / 自白  /  母亲,没有一人完全善，也没有一人完全恶。,https://img3.doubanio.com/view/movie_poster_cover/ipst/public/p689520756.jpg,
"末代皇帝,[可播放]",8.9,94,162037人评价,,"
                            导演: 贝纳尔多·贝托鲁奇 Bernardo Bertolucci   主演: 尊龙 John Lone / 陈...,
                            1987 / 意大利 中国大陆 英国 法国 / 剧情 传记 历史
                        ", / The Last Emperor,“不要跟我比惨，我比你更惨”再适合这部电影不过了。,https://img3.doubanio.com/view/movie_poster_cover/ipst/public/p452088641.jpg,
"布达佩斯大饭店,[可播放]",8.7,95,304363人评价,,"
                            导演: 韦斯·安德森 Wes Anderson   主演: 拉尔夫·费因斯 Ralph Fiennes / ...,
                            2014 / 美国 德国 英国 / 剧情 喜剧
                        ", / The Grand Budapest Hotel,小清新的故事里注入了大历史的情怀。,https://img3.doubanio.com/view/movie_poster_cover/ipst/public/p2178872593.jpg,
"加勒比海盗,[可播放]",8.6,96,339795人评价,,"
                            导演: 戈尔·维宾斯基 Gore Verbinski   主演: 约翰尼·德普 Johnny Depp / ...,
                            2003 / 美国 / 动作 冒险 奇幻
                        ", / Pirates of the Caribbean: The Curse of the Black Pearl,约翰尼·德普的独角戏。,https://img3.doubanio.com/view/movie_poster_cover/ipst/public/p1596085504.jpg,
"断背山,[可播放]",8.6,97,314971人评价,,"
                            导演: 李安 Ang Lee   主演: 希斯·莱杰 Heath Ledger / 杰克·吉伦哈尔 Jake...,
                            2005 / 美国 加拿大 / 剧情 爱情 同性 家庭
                        ", / Brokeback Mountain,每个人心中都有一座断背山。,https://img1.doubanio.com/view/movie_poster_cover/ipst/public/p513535588.jpg,
"爱在黎明破晓前,[可播放]",8.7,98,217339人评价,,"
                            导演: 理查德·林克莱特 Richard Linklater   主演: 伊桑·霍克 Ethan Hawke ...,
                            1995 / 美国 奥地利 瑞士 / 剧情 爱情
                        ", / Before Sunrise,缘分是个连绵词，最美不过一瞬。,https://img3.doubanio.com/view/movie_poster_cover/ipst/public/p1486234122.jpg,
"摩登时代,[可播放]",9.2,99,86853人评价,,"
                            导演: 查理·卓别林 Charles Chaplin   主演: 查理·卓别林 Charles Chaplin ...,
                            1936 / 美国 / 喜剧 剧情 爱情
                        ", / Modern Times,大时代中的人生，小人物的悲喜。,https://img3.doubanio.com/view/movie_poster_cover/ipst/public/p2173707976.jpg,
"猫鼠游戏,[可播放]",8.7,100,219462人评价,,"
                            导演: 史蒂文·斯皮尔伯格 Steven Spielberg   主演: 莱昂纳多·迪卡普里奥 L...,
                            2002 / 美国 加拿大 / 传记 犯罪 剧情
                        ", / Catch Me If You Can,骗子大师和执著警探的你追我跑故事。 ,https://img3.doubanio.com/view/movie_poster_cover/ipst/public/p453924541.jpg,
阿凡达,8.6,101,523297人评价,,"
                            导演: 詹姆斯·卡梅隆 James Cameron   主演: 萨姆·沃辛顿 Sam Worthington ...,
                            2009 / 美国 英国 / 动作 冒险 奇幻 科幻
                        ", / Avatar,绝对意义上的美轮美奂。,https://img1.doubanio.com/view/movie_poster_cover/ipst/public/p2180085848.jpg,
"哈利·波特与魔法石,[可播放]",8.7,102,248829人评价,,"
                            导演: Chris Columbus   主演: Daniel Radcliffe / Emma Watson / Rupert Grint,
                            2001 / 美国 英国 / 奇幻 冒险
                        ", / Harry Potter and the Sorcerer's Stone,童话世界的开端。,https://img3.doubanio.com/view/movie_poster_cover/ipst/public/p804947166.jpg,
"风之谷,[可播放]",8.8,103,174024人评价,,"
                            导演: 宫崎骏 Hayao Miyazaki   主演: 岛本须美 Sumi Shimamoto / 松田洋治 Y...,
                            1984 / 日本 / 科幻 动画 奇幻 冒险
                        ", / 風の谷のナウシカ,动画片的圣经。,https://img3.doubanio.com/view/movie_poster_cover/ipst/public/p1917567652.jpg,
"爱在日落黄昏时,[可播放]",8.7,104,196020人评价,,"
                            导演: 理查德·林克莱特 Richard Linklater   主演: 伊桑·霍克 Ethan Hawke ...,
                            2004 / 美国 / 剧情 爱情
                        ", / Before Sunset,九年后的重逢是世俗和责任的交叠，没了悸动和青涩，沧桑而温暖。,https://img3.doubanio.com/view/movie_poster_cover/ipst/public/p1910924055.jpg,
"侧耳倾听,[可播放]",8.8,105,165519人评价,,"
                            导演: 近藤喜文 Yoshifumi Kondo   主演: 本名阳子 Youko Honna / 小林桂树 K...,
                            1995 / 日本 / 剧情 爱情 动画 音乐
                        ", / 耳をすませば,少女情怀总是诗。,https://img3.doubanio.com/view/movie_poster_cover/ipst/public/p456692072.jpg,
"穿条纹睡衣的男孩,[可播放]",8.9,106,140236人评价,,"
                            导演: 马克·赫门 Mark Herman   主演: 阿沙·巴特菲尔德 Asa Butterfield / ...,
                            2008 / 英国 美国 / 剧情 战争
                        ", / The Boy in the Striped Pajamas,尽管有些不切实际的幻想，这部电影依旧是一部感人肺腑的佳作。,https://img3.doubanio.com/view/movie_poster_cover/ipst/public/p1473670352.jpg,
"萤火虫之墓,[可播放]",8.7,107,201232人评价,,"
                            导演: 高畑勋 Isao Takahata   主演: 辰己努 / 白石绫乃 / 志乃原良子,
                            1988 / 日本 / 动画 剧情 战争
                        ", / 火垂るの墓,幸福是生生不息，却难以触及的远。 ,https://img1.doubanio.com/view/movie_poster_cover/ipst/public/p1157334208.jpg,
"消失的爱人,[可播放]",8.7,108,347389人评价,,"
                            导演: 大卫·芬奇 David Fincher   主演: 本·阿弗莱克 Ben Affleck / 罗莎蒙...,
                            2014 / 美国 / 剧情 犯罪 悬疑 惊悚
                        ", / Gone Girl,年度最佳date movie。,https://img3.doubanio.com/view/movie_poster_cover/ipst/public/p2221768894.jpg,
"超脱,[可播放]",8.8,109,169750人评价,,"
                            导演: 托尼·凯耶 Tony Kaye   主演: 艾德里安·布洛迪 Adrien Brody / 马西...,
                            2011 / 美国 / 剧情
                        ", / Detachment,穷尽一生，我们要学会的，不过是彼此拥抱。,https://img3.doubanio.com/view/movie_poster_cover/ipst/public/p1305562621.jpg,
"驯龙高手,[可播放]",8.7,110,280236人评价,,"
                            导演: 迪恩·德布洛斯 Dean DeBlois / 克里斯·桑德斯 Chris Sanders   主演:...,
                            2010 / 美国 / 喜剧 动画 奇幻 冒险 家庭
                        ", / How to Train Your Dragon,和谐的生活离不开摸头与被摸头。,https://img1.doubanio.com/view/movie_poster_cover/ipst/public/p450042258.jpg,
看不见的客人,8.7,111,243831人评价,,"
                            导演: 奥里奥尔·保罗 Oriol Paulo   主演: 马里奥·卡萨斯 Mario Casas / 阿...,
                            2016 / 西班牙 / 犯罪 悬疑 惊悚
                        ", / Contratiempo,,https://img3.doubanio.com/view/movie_poster_cover/ipst/public/p2498971355.jpg,
"菊次郎的夏天,[可播放]",8.7,112,178133人评价,,"
                            导演: 北野武 Takeshi Kitano   主演: 北野武 Takeshi Kitano / 关口雄介 Yus...,
                            1999 / 日本 / 剧情 喜剧
                        ", / 菊次郎の夏,从没见过那么流氓的温柔，从没见过那么温柔的流氓。,https://img3.doubanio.com/view/movie_poster_cover/ipst/public/p751835224.jpg,
"倩女幽魂,[可播放]",8.6,113,244526人评价,,"
                            导演: 程小东 Siu-Tung Ching   主演: 张国荣 Leslie Cheung / 王祖贤 Joey W...,
                            1987 / 香港 / 剧情 爱情 武侠 古装
                        ", / 倩女幽魂(87版)  /  A Chinese Ghost Story,两张绝世的脸。 ,https://img3.doubanio.com/view/movie_poster_cover/ipst/public/p2414157745.jpg,
"幸福终点站,[可播放]",8.6,114,222138人评价,,"
                            导演: 史蒂文·斯皮尔伯格 Steven Spielberg   主演: 汤姆·汉克斯 Tom Hanks...,
                            2004 / 美国 / 喜剧 剧情 爱情
                        ", / The Terminal,有时候幸福需要等一等。 ,https://img1.doubanio.com/view/movie_poster_cover/ipst/public/p854757687.jpg,
"海洋,[可播放]",9.0,115,98163人评价,,"
                            导演: 雅克·贝汉 Jacques Perrin / 雅克·克鲁奥德 Jacques Cluzaud   主演:...,
                            2009 / 法国 瑞士 西班牙 美国 阿联酋 / 纪录片
                        ", / Océans,大海啊，不全是水。,https://img3.doubanio.com/view/movie_poster_cover/ipst/public/p497010372.jpg,
"恐怖直播,[可播放]",8.7,116,213681人评价,,"
                            导演: 金秉祐 Byeong-woo Kim   主演: 河正宇 Jung-woo Ha / 李璟荣 Kyeong-y...,
                            2013 / 韩国 / 剧情 犯罪 悬疑
                        ", / 더 테러 라이브,恐怖分子的“秋菊打官司”。,https://img3.doubanio.com/view/movie_poster_cover/ipst/public/p2016930906.jpg,
"七武士,[可播放]",9.2,117,75985人评价,,"
                            导演: 黑泽明 Akira Kurosawa   主演: 三船敏郎 Toshirô Mifune / 志村乔 ...,
                            1954 / 日本 / 动作 冒险 剧情
                        ", / 七人の侍,时代悲歌。,https://img3.doubanio.com/view/movie_poster_cover/ipst/public/p647099823.jpg,
岁月神偷,8.6,118,303019人评价,,"
                            导演: 罗启锐 Alex Law   主演: 吴君如 Sandra Ng / 任达华 Simon Yam / 钟绍...,
                            2010 / 香港 中国大陆 / 剧情 家庭
                        ", / 歲月神偷,岁月流逝，来日可追。,https://img3.doubanio.com/view/movie_poster_cover/ipst/public/p456666151.jpg,
红辣椒,8.9,119,129401人评价,,"
                            导演: 今敏 Satoshi Kon   主演: 林原惠美 Megumi Hayashibara / 古谷彻 T...,
                            2006 / 日本 / 动画 悬疑 科幻 惊悚
                        ", / パプリカ,梦的勾结。,https://img3.doubanio.com/view/movie_poster_cover/ipst/public/p672363704.jpg,
"神偷奶爸,[可播放]",8.5,120,367815人评价,,"
                            导演: 皮艾尔·柯芬 Pierre Coffin / 克里斯·雷纳德 Chris Renaud   主演: ...,
                            2010 / 美国 法国 / 喜剧 动画 冒险
                        ", / Despicable Me,Mr. I Don't Care其实也有Care的时候。,https://img1.doubanio.com/view/movie_poster_cover/ipst/public/p792776858.jpg,
"借东西的小人阿莉埃蒂,[可播放]",8.7,121,212611人评价,,"
                            导演: 米林宏昌 Hiromasa Yonebayashi   主演: 志田未来 Mirai Shida / 神木...,
                            2010 / 日本 / 动画 奇幻 冒险
                        ", / 借りぐらしのアリエッティ,曾经的那段美好会沉淀为一辈子的记忆。,https://img3.doubanio.com/view/movie_poster_cover/ipst/public/p617533616.jpg,
电锯惊魂,8.6,122,195730人评价,,"
                            导演: 詹姆斯·温 James Wan   主演: 雷·沃纳尔 Leigh Whannell / 加利·艾...,
                            2004 / 美国 澳大利亚 / 悬疑 惊悚 恐怖
                        ", / Saw,真相就在眼前。,https://img3.doubanio.com/view/movie_poster_cover/ipst/public/p2163771304.jpg,
"谍影重重3,[可播放]",8.7,123,177735人评价,,"
                            导演: 保罗·格林格拉斯 Paul Greengrass   主演: 马特·达蒙 Matt Damon / ...,
                            2007 / 美国 德国 / 动作 悬疑 惊悚
                        ", / The Bourne Ultimatum,像吃了苏打饼一样干脆的电影。,https://img1.doubanio.com/view/movie_poster_cover/ipst/public/p792223507.jpg,
杀人回忆,8.6,124,205691人评价,,"
                            导演: 奉俊昊 Joon-ho Bong   主演: 宋康昊 Kang-ho Song / 金相庆 Sang-kyun...,
                            2003 / 韩国 / 犯罪 剧情 悬疑 惊悚
                        ", / 살인의 추억,关于连环杀人悬案的集体回忆。,https://img1.doubanio.com/view/movie_poster_cover/ipst/public/p480225538.jpg,
"燃情岁月,[可播放]",8.7,125,147173人评价,,"
                            导演: 爱德华·兹威克 Edward Zwick   主演: 安东尼·霍普金斯 Anthony Hopki...,
                            1994 / 美国 / 剧情 爱情 西部 家庭
                        ", / Legends of the Fall,传奇，不是每个人都可以拥有。,https://img1.doubanio.com/view/movie_poster_cover/ipst/public/p1023654037.jpg,
"真爱至上,[可播放]",8.5,126,303401人评价,,"
                            导演: 理查德·柯蒂斯 Richard Curtis   主演: 休·格兰特 Hugh Grant / 柯林...,
                            2003 / 英国 美国 法国 / 喜剧 剧情 爱情
                        ", / Love Actually,爱，是个动词。,https://img3.doubanio.com/view/movie_poster_cover/ipst/public/p475600770.jpg,
"雨人,[可播放]",8.6,127,206840人评价,,"
                            导演: 巴瑞·莱文森 Barry Levinson   主演: 达斯汀·霍夫曼 Dustin Hoffman ...,
                            1988 / 美国 / 剧情
                        ", / Rain Man,生活在自己的世界里，也可以让周围的人显得可笑和渺小。,https://img3.doubanio.com/view/movie_poster_cover/ipst/public/p942376281.jpg,
"贫民窟的百万富翁,[可播放]",8.5,128,390708人评价,,"
                            导演: 丹尼·鲍尔 Danny Boyle / 洛芙琳·坦丹 Loveleen Tandan   主演: 戴夫...,
                            2008 / 英国 美国 / 剧情 爱情
                        ", / Slumdog Millionaire,上帝之城+猜火车+阿甘正传+开心辞典=山寨富翁,https://img1.doubanio.com/view/movie_poster_cover/ipst/public/p470476887.jpg,
"记忆碎片,[可播放]",8.5,129,274438人评价,,"
                            导演: 克里斯托弗·诺兰 Christopher Nolan   主演: 盖·皮尔斯 Guy Pearce /...,
                            2000 / 美国 / 犯罪 剧情 悬疑 惊悚
                        ", / Memento,一个针管引发的血案。,https://img3.doubanio.com/view/movie_poster_cover/ipst/public/p641688453.jpg,
"东邪西毒,[可播放]",8.6,130,245071人评价,,"
                            导演: 王家卫 Kar Wai Wong   主演: 张国荣 Leslie Cheung / 张曼玉 Maggie C...,
                            1994 / 香港 台湾 / 剧情 动作 爱情 武侠 古装
                        ", / 東邪西毒,电影诗。,https://img3.doubanio.com/view/movie_poster_cover/ipst/public/p1982176012.jpg,
"虎口脱险,[可播放]",8.9,131,105339人评价,,"
                            导演: 杰拉尔·乌里 Gérard Oury   主演: 路易·德·菲耐斯 Louis de Funès...,
                            1966 / 法国 英国 / 喜剧 战争
                        ", / La grande vadrouille,永远看不腻的喜剧。,https://img3.doubanio.com/view/movie_poster_cover/ipst/public/p2399597512.jpg,
"疯狂原始人,[可播放]",8.7,132,363517人评价,,"
                            导演: 科克·德·米科 Kirk De Micco / 克里斯·桑德斯 Chris Sanders   主演...,
                            2013 / 美国 / 喜剧 动画 冒险
                        ", / The Croods,老少皆宜，这就是好莱坞动画的魅力。,https://img1.doubanio.com/view/movie_poster_cover/ipst/public/p1867084027.jpg,
"怪兽电力公司,[可播放]",8.6,133,233886人评价,,"
                            导演: 彼特·道格特 Pete Docter / 大卫·斯沃曼 David Silverman   主演: 约...,
                            2001 / 美国 / 喜剧 动画 儿童 奇幻
                        "," / Monsters, Inc.",不要给它起名字，起了名字就有感情了。,https://img1.doubanio.com/view/movie_poster_cover/ipst/public/p1805127697.jpg,
喜宴,8.8,134,135902人评价,,"
                            导演: 李安   主演: 赵文瑄 / 归亚蕾 / 金素梅,
                            1993 / 台湾 美国 / 剧情 喜剧 爱情 同性 家庭
                        ", / The Wedding Banquet,中国家庭的喜怒哀乐忍。,https://img3.doubanio.com/view/movie_poster_cover/ipst/public/p2173713676.jpg,
"小森林 夏秋篇,[可播放]",8.9,135,124067人评价,,"
                            导演: 森淳一 Junichi Mori   主演: 桥本爱 Ai Hashimoto / 三浦贵大 Takahir...,
                            2014 / 日本 / 剧情
                        ", / リトル・フォレスト 夏・秋,那些静得只能听见呼吸的日子里，你明白孤独即生活。,https://img3.doubanio.com/view/movie_poster_cover/ipst/public/p2221319641.jpg,
"卢旺达饭店,[可播放]",8.8,136,116697人评价,,"
                            导演: 特瑞·乔治 Terry George   主演: 唐·钱德尔 Don Cheadle / 苏菲·奥...,
                            2004 / 英国 南非 意大利 美国 / 剧情 历史 战争
                        ", / Hotel Rwanda,当这个世界闭上双眼，他却敞开了怀抱。,https://img3.doubanio.com/view/movie_poster_cover/ipst/public/p2159368352.jpg,
喜剧之王,8.5,137,303280人评价,,"
                            导演: 周星驰 Stephen Chow / 李力持 Lik-Chi Lee   主演: 周星驰 Stephen Ch...,
                            1999 / 香港 / 喜剧 剧情 爱情
                        ", / 喜劇之王,我是一个演员。,https://img3.doubanio.com/view/movie_poster_cover/ipst/public/p1043597424.jpg,
"黑天鹅,[可播放]",8.5,138,409207人评价,,"
                            导演: 达伦·阿罗诺夫斯基 Darren Aronofsky   主演: 娜塔丽·波曼 Natalie P...,
                            2010 / 美国 / 剧情 惊悚
                        ", / Black Swan,黑暗之美。,https://img3.doubanio.com/view/movie_poster_cover/ipst/public/p719282906.jpg,
"英雄本色,[可播放]",8.7,139,146556人评价,,"
                            导演: 吴宇森 John Woo   主演: 周润发 Yun-Fat Chow / 狄龙 Lung Ti / 张国...,
                            1986 / 香港 / 动作 犯罪
                        ", / A Better Tomorrow  /  Gangland Boss,英雄泪短，兄弟情长。 ,https://img3.doubanio.com/view/movie_poster_cover/ipst/public/p2157672975.jpg,
"猜火车,[可播放]",8.5,140,244738人评价,,"
                            导演: 丹尼·博伊尔 Danny Boyle   主演: 伊万·麦克格雷格 Ewan McGregor / ...,
                            1996 / 英国 / 犯罪 剧情
                        ", / Trainspotting,不可猜的青春迷笛。 ,https://img1.doubanio.com/view/movie_poster_cover/ipst/public/p513567548.jpg,
"魂断蓝桥,[可播放]",8.8,141,127104人评价,,"
                            导演: Mervyn LeRoy   主演: Vivien Leigh / Robert Taylor / Lucile Watson,
                            1940 / 美国 / 剧情 战争 爱情
                        ", / Waterloo Bridge,中国式内在的美国电影。,https://img1.doubanio.com/view/movie_poster_cover/ipst/public/p2351134499.jpg,
穿越时空的少女,8.6,142,181863人评价,,"
                            导演: 细田守 Mamoru Hosoda   主演: 仲里依纱 Riisa Naka / 石田卓也 Takuya...,
                            2006 / 日本 / 剧情 爱情 科幻 动画
                        ", / 時をかける少女,爱上未来的你。 ,https://img3.doubanio.com/view/movie_poster_cover/ipst/public/p2079334286.jpg,
"恋恋笔记本,[可播放]",8.5,143,274872人评价,,"
                            导演: 尼克·卡索维茨 Nick Cassavetes   主演: 瑞恩·高斯林 Ryan Gosling /...,
                            2004 / 美国 / 剧情 爱情
                        ", / The Notebook,爱情没有那么多借口，如果不能圆满，只能说明爱的不够。 ,https://img3.doubanio.com/view/movie_poster_cover/ipst/public/p483604864.jpg,
"雨中曲,[可播放]",8.9,144,91357人评价,,"
                            导演: Stanley Donen / Gene Kelly   主演: Gene Kelly / Donald O'Connor / ...,
                            1952 / 美国 / 喜剧 歌舞 爱情
                        ", / Singin' in the Rain,骨灰级歌舞片。,https://img3.doubanio.com/view/movie_poster_cover/ipst/public/p1612355875.jpg,
"傲慢与偏见,[可播放]",8.4,145,294043人评价,,"
                            导演: 乔·怀特 Joe Wright   主演: 凯拉·奈特莉 Keira Knightley / 马修·...,
                            2005 / 法国 英国 美国 / 剧情 爱情
                        ", / Pride & Prejudice,爱是摈弃傲慢与偏见之后的曙光。,https://img3.doubanio.com/view/movie_poster_cover/ipst/public/p452005185.jpg,
"教父3,[可播放]",8.7,146,126342人评价,,"
                            导演: 弗朗西斯·福特·科波拉 Francis Ford Coppola   主演: 阿尔·帕西诺 A...,
                            1990 / 美国 / 剧情 犯罪
                        ", / The Godfather: Part III,任何信念的力量，都无法改变命运。,https://img3.doubanio.com/view/movie_poster_cover/ipst/public/p2169664351.jpg,
"完美的世界,[可播放]",9.0,147,77367人评价,,"
                            导演: 克林特·伊斯特伍德 Clint Eastwood   主演: 凯文·科斯特纳 Kevin Cos...,
                            1993 / 美国 / 剧情 犯罪
                        ", / A Perfect World,坏人的好总是比好人的好来得更感人。,https://img3.doubanio.com/view/movie_poster_cover/ipst/public/p792403691.jpg,
"纵横四海,[可播放]",8.7,148,139827人评价,,"
                            导演: 吴宇森 John Woo   主演: 周润发 Yun-Fat Chow / 张国荣 Leslie Cheung...,
                            1991 / 香港 / 剧情 喜剧 动作 犯罪
                        ", / 緃横四海,香港浪漫主义警匪动作片的巅峰之作。,https://img1.doubanio.com/view/movie_poster_cover/ipst/public/p2459107299.jpg,
"萤火之森,[可播放]",8.7,149,151756人评价,,"
                            导演: 大森贵弘 Takahiro Omori   主演: 佐仓绫音 Ayane Sakura / 内山昂辉 K...,
                            2011 / 日本 / 剧情 爱情 动画 奇幻
                        ", / 蛍火の杜へ,触不到的恋人。,https://img1.doubanio.com/view/movie_poster_cover/ipst/public/p1272904657.jpg,
"玩具总动员3,[可播放]",8.8,150,187836人评价,,"
                            导演: 李·昂克里奇 Lee Unkrich   主演: 汤姆·汉克斯 Tom Hanks / 蒂姆·艾...,
                            2010 / 美国 / 喜剧 动画 奇幻 冒险
                        ", / Toy Story 3,跨度十五年的欢乐与泪水。,https://img1.doubanio.com/view/movie_poster_cover/ipst/public/p1283675359.jpg,
"哈利·波特与死亡圣器(下),[可播放]",8.6,151,266240人评价,,"
                            导演: 大卫·叶茨 David Yates   主演: 丹尼尔·雷德克里夫 Daniel Radcliffe...,
                            2011 / 美国 英国 / 剧情 悬疑 奇幻 冒险
                        ", / Harry Potter and the Deathly Hallows: Part 2,10年的完美句点。,https://img3.doubanio.com/view/movie_poster_cover/ipst/public/p917846733.jpg,
7号房的礼物,8.6,152,168271人评价,,"
                            导演: 李焕庆 Hwan-kyeong Lee   主演: 柳承龙 Seung-yong Ryoo / 朴信惠 Shi...,
                            2013 / 韩国 / 剧情 喜剧 家庭
                        ", / 7번방의 선물,《我是山姆》的《美丽人生》。,https://img3.doubanio.com/view/movie_poster_cover/ipst/public/p1816276065.jpg,
二十二,8.8,153,81624人评价,,"
                            导演: 郭柯 Ke Guo   主演: ,
                            2015 / 中国大陆 / 纪录片
                        ", / Twenty Two  /  22,,https://img1.doubanio.com/view/movie_poster_cover/ipst/public/p2457609817.jpg,
花样年华,8.5,154,239934人评价,,"
                            导演: 王家卫 Kar Wai Wong   主演: 梁朝伟 Tony Leung Chiu Wai / 张曼玉 Ma...,
                            2000 / 香港 法国 / 剧情 爱情
                        ", / 花樣年華,偷情本没有这样美。,https://img3.doubanio.com/view/movie_poster_cover/ipst/public/p1910828286.jpg,
"人工智能,[可播放]",8.6,155,185422人评价,,"
                            导演: 史蒂文·斯皮尔伯格 Steven Spielberg   主演: 海利·乔·奥斯蒙 Haley...,
                            2001 / 美国 / 冒险 剧情 科幻
                        ", / Artificial Intelligence: AI,对爱的执着，可以超越一切。,https://img1.doubanio.com/view/movie_poster_cover/ipst/public/p792257137.jpg,
"我是山姆,[可播放]",8.8,156,99887人评价,,"
                            导演: 杰茜·尼尔森 Jessie Nelson   主演: Sean Penn / Dakota Fanning / Mi...,
                            2001 / 美国 / 剧情 家庭
                        ", / I Am Sam,爱并不需要智商 。,https://img3.doubanio.com/view/movie_poster_cover/ipst/public/p652417775.jpg,
浪潮,8.7,157,128542人评价,,"
                            导演: 丹尼斯·甘塞尔 Dennis Gansel   主演: 尤尔根·沃格尔 Jürgen Vogel ...,
                            2008 / 德国 / 剧情 惊悚
                        ", / Die Welle,世界离独裁只有五天。,https://img3.doubanio.com/view/movie_poster_cover/ipst/public/p1344888983.jpg,
"海边的曼彻斯特,[可播放]",8.6,158,159567人评价,,"
                            导演: 肯尼斯·罗纳根 Kenneth Lonergan   主演: 卡西·阿弗莱克 Casey Affle...,
                            2016 / 美国 / 剧情 家庭
                        ", / Manchester by the Sea,我们都有权利不与自己的过去和解。,https://img1.doubanio.com/view/movie_poster_cover/ipst/public/p2496940327.jpg,
"荒蛮故事,[可播放]",8.7,159,129400人评价,,"
                            导演: 达米安·斯兹弗隆 Damián Szifron   主演: 达里奥·葛兰帝内提 Darío...,
                            2014 / 阿根廷 西班牙 / 剧情 喜剧 犯罪
                        ", / Relatos salvajes,始于荒诞，止于更荒诞。,https://img3.doubanio.com/view/movie_poster_cover/ipst/public/p2192834364.jpg,
香水,8.4,160,269294人评价,,"
                            导演: 汤姆·提克威 Tom Tykwer   主演: 本·卫肖 Ben Whishaw / 艾伦·瑞克...,
                            2006 / 德国 法国 西班牙 美国 / 剧情 犯罪 奇幻
                        ", / Perfume: The Story of a Murderer,一个单凭体香达到高潮的男人。,https://img1.doubanio.com/view/movie_poster_cover/ipst/public/p470006658.jpg,
"冰川时代,[可播放]",8.4,161,263237人评价,,"
                            导演: 卡洛斯·沙尔丹哈 Carlos Saldanha / 克里斯·韦奇 Chris Wedge   主演...,
                            2002 / 美国 / 喜剧 动画 冒险
                        ", / Ice Age,松鼠才是角儿。,https://img1.doubanio.com/view/movie_poster_cover/ipst/public/p1910895719.jpg,
"朗读者,[可播放]",8.5,162,272798人评价,,"
                            导演: 史蒂芬·戴德利 Stephen Daldry   主演: 凯特·温丝莱特 Kate Winslet ...,
                            2008 / 美国 德国 / 剧情 爱情
                        ", / The Reader,当爱情跨越年龄的界限，它似乎能变得更久远一点，成为一种责任，一种水到渠成的相濡以沫。 ,https://img1.doubanio.com/view/movie_poster_cover/ipst/public/p1140984198.jpg,
追随,8.9,163,79612人评价,,"
                            导演: 克里斯托弗·诺兰 Christopher Nolan   主演: 杰里米·西奥伯德 Jeremy...,
                            1998 / 英国 / 犯罪 悬疑 惊悚
                        ", / Following,诺兰的牛逼来源于内心散发出的恐惧。,https://img1.doubanio.com/view/movie_poster_cover/ipst/public/p1150103377.jpg,
"撞车,[可播放]",8.6,164,170563人评价,,"
                            导演: 保罗·哈吉斯 Paul Haggis   主演: 桑德拉·布洛克 Sandra Bullock / ...,
                            2004 / 美国 德国 / 犯罪 剧情
                        ", / Crash,天使与魔鬼的冲撞。,https://img3.doubanio.com/view/movie_poster_cover/ipst/public/p2075132390.jpg,
"小森林 冬春篇,[可播放]",8.9,165,106507人评价,,"
                            导演: 森淳一 Junichi Mori   主演: 桥本爱 Ai Hashimoto / 三浦贵大 Takahir...,
                            2015 / 日本 / 剧情
                        ", / リトル・フォレスト 冬・春,尊敬他人，尊敬你生活的这片土地，明白孤独是人生的常态。,https://img1.doubanio.com/view/movie_poster_cover/ipst/public/p2215147728.jpg,
"一次别离,[可播放]",8.7,166,128685人评价,,"
                            导演: 阿斯哈·法哈蒂  Asghar Farhadi   主演: 佩曼·莫阿迪 Peyman Moadi /...,
                            2011 / 伊朗 法国 / 剧情 家庭
                        ", / جدایی نادر از سیمین,只有有信仰的人才能说出事实真相。,https://img3.doubanio.com/view/movie_poster_cover/ipst/public/p2189835254.jpg,
"心迷宫,[可播放]",8.6,167,153570人评价,,"
                            导演: 忻钰坤 Yukun Xin   主演: 霍卫民 Weimin Huo / 王笑天 Xiaotian Wang ...,
                            2014 / 中国大陆 / 剧情 犯罪 悬疑
                        ", / 殡棺  /  The Coffin in the Mountain,荒诞讽刺，千奇百巧，抽丝剥茧，百转千回。,https://img3.doubanio.com/view/movie_poster_cover/ipst/public/p2275298525.jpg,
"罗生门,[可播放]",8.7,168,120602人评价,,"
                            导演: 黑泽明 Akira Kurosawa   主演: 三船敏郎 Toshirô Mifune / 千秋实 ...,
                            1950 / 日本 / 犯罪 剧情 悬疑
                        ", / 羅生門,人生的N种可能性。,https://img1.doubanio.com/view/movie_poster_cover/ipst/public/p1864872647.jpg,
"时空恋旅人,[可播放]",8.6,169,190517人评价,,"
                            导演: 理查德·柯蒂斯 Richard Curtis   主演: 多姆纳尔·格利森 Domhnall Gl...,
                            2013 / 英国 / 剧情 爱情 奇幻
                        ", / About Time,把每天当作最后一天般珍惜度过，积极拥抱生活，就是幸福。,https://img3.doubanio.com/view/movie_poster_cover/ipst/public/p2070153774.jpg,
"唐伯虎点秋香,[可播放]",8.4,170,310907人评价,,"
                            导演: 李力持 Lik-Chi Lee   主演: 周星驰 Stephen Chow / 巩俐 Li Gong / 陈...,
                            1993 / 香港 / 喜剧 爱情 古装
                        ", / 唐伯虎點秋香,华太师是黄霑，吴镇宇四大才子之一。,https://img3.doubanio.com/view/movie_poster_cover/ipst/public/p1946455272.jpg,
"超能陆战队,[可播放]",8.6,171,355182人评价,,"
                            导演: 唐·霍尔 Don Hall / 克里斯·威廉姆斯 Chris Williams   主演: 斯科特...,
                            2014 / 美国 / 喜剧 动作 科幻 动画 冒险
                        ", / Big Hero 6,Balalala~~~,https://img1.doubanio.com/view/movie_poster_cover/ipst/public/p2224568669.jpg,
"蝙蝠侠：黑暗骑士崛起,[可播放]",8.5,172,286097人评价,,"
                            导演: 克里斯托弗·诺兰 Christopher Nolan   主演: 克里斯蒂安·贝尔 Christ...,
                            2012 / 美国 英国 / 剧情 动作 科幻 犯罪 惊悚
                        ", / The Dark Knight Rises,诺兰就是保证。,https://img3.doubanio.com/view/movie_poster_cover/ipst/public/p1706428744.jpg,
战争之王,8.5,173,170343人评价,,"
                            导演: 安德鲁·尼科尔 Andrew Niccol   主演: 尼古拉斯·凯奇 Nicolas Cage /...,
                            2005 / 美国 法国 / 剧情 犯罪
                        ", / Lord of War,做一颗让别人需要你的棋子。,https://img3.doubanio.com/view/movie_poster_cover/ipst/public/p453719066.jpg,
"可可西里,[可播放]",8.6,174,125303人评价,,"
                            导演: 陆川 Chuan Lu   主演: 多布杰 Duobujie / 张磊 Lei Zhang / 亓亮 Qi L...,
                            2004 / 中国大陆 香港 / 剧情 犯罪
                        ", / Kekexili: Mountain Patrol,坚硬的信仰。,https://img3.doubanio.com/view/movie_poster_cover/ipst/public/p2363208684.jpg,
"梦之安魂曲,[可播放]",8.7,175,108862人评价,,"
                            导演: 达伦·阿伦诺夫斯基 Darren Aronofsky   主演: 艾伦·伯斯汀 Ellen Bur...,
                            2000 / 美国 / 剧情
                        ", / Requiem for a Dream,一场没有春天的噩梦。,https://img3.doubanio.com/view/movie_poster_cover/ipst/public/p884936202.jpg,
地球上的星星,8.8,176,81256人评价,,"
                            导演: 阿米尔·汗 Aamir Khan   主演: 达席尔·萨法瑞 Darsheel Safary / 阿...,
                            2007 / 印度 / 剧情 儿童 家庭
                        ", / Taare Zameen Par,天使保护事件始末。,https://img3.doubanio.com/view/movie_poster_cover/ipst/public/p1973489335.jpg,
"碧海蓝天,[可播放]",8.7,177,106153人评价,,"
                            导演: Luc Besson   主演: 让-马克·巴尔 Jean-Marc Barr / 让·雷诺 Jean Re...,
                            1988 / 法国 美国 意大利 / 剧情 爱情
                        ", / Le grand bleu,在那片深蓝中，感受来自大海的忧伤寂寞与美丽自由。,https://img3.doubanio.com/view/movie_poster_cover/ipst/public/p455722535.jpg,
未麻的部屋,8.8,178,91687人评价,,"
                            导演: 今敏 Satoshi Kon   主演: 岩男润子 Junko Iwao / 松本梨香 Rica Matsu...,
                            1997 / 日本 / 动画 奇幻 惊悚
                        ", / Perfect Blue,好的剧本是，就算你猜到了结局也猜不到全部。,https://img3.doubanio.com/view/movie_poster_cover/ipst/public/p1351050722.jpg,
"秒速5厘米,[可播放]",8.3,179,285210人评价,,"
                            导演: 新海诚 Makoto Shinkai   主演: 水桥研二 Kenji Mizuhashi / 近藤好美 ...,
                            2007 / 日本 / 动画 剧情 爱情
                        ", / 秒速5センチメートル,青春就是放弃和怀念。,https://img3.doubanio.com/view/movie_poster_cover/ipst/public/p982896012.jpg,
爆裂鼓手,8.6,180,228407人评价,,"
                            导演: 达米安·沙泽勒 Damien Chazelle   主演: 迈尔斯·特勒 Miles Teller /...,
                            2014 / 美国 / 剧情 音乐
                        ", / Whiplash,这个世界从不善待努力的人，努力了也不一定会成功，但是知道自己在努力，就是活下去的动力。,https://img3.doubanio.com/view/movie_poster_cover/ipst/public/p2220776342.jpg,
"恐怖游轮,[可播放]",8.3,181,309235人评价,,"
                            导演: 克里斯托弗·史密斯 Christopher Smith   主演: 梅利莎·乔治 Melissa ...,
                            2009 / 英国 澳大利亚 / 剧情 悬疑 惊悚
                        ", / Triangle,不要企图在重复中寻找已经失去的爱。,https://img3.doubanio.com/view/movie_poster_cover/ipst/public/p462470694.jpg,
"谍影重重2,[可播放]",8.5,182,154401人评价,,"
                            导演: 保罗·格林格拉斯 Paul Greengrass   主演: 马特·达蒙 Matt Damon / ...,
                            2004 / 美国 德国 / 动作 悬疑 惊悚
                        ", / The Bourne Supremacy,谁说王家卫镜头很晃？,https://img3.doubanio.com/view/movie_poster_cover/ipst/public/p667644866.jpg,
"谍影重重,[可播放]",8.5,183,186244人评价,,"
                            导演: 道格·里曼 Doug Liman   主演: 马特·达蒙 Matt Damon / 弗兰卡·波坦...,
                            2002 / 美国 德国 捷克 / 动作 悬疑 惊悚
                        ", / The Bourne Identity,哗啦啦啦啦，天在下雨，哗啦啦啦啦，云在哭泣……找自己。,https://img3.doubanio.com/view/movie_poster_cover/ipst/public/p1597183981.jpg,
"阿飞正传,[可播放]",8.5,184,174508人评价,,"
                            导演: 王家卫 Kar Wai Wong   主演: 张国荣 Leslie Cheung / 张曼玉 Maggie C...,
                            1990 / 香港 / 犯罪 剧情 爱情
                        ", / 阿飛正傳,王家卫是一种风格，张国荣是一个代表。,https://img3.doubanio.com/view/movie_poster_cover/ipst/public/p924558512.jpg,
"达拉斯买家俱乐部,[可播放]",8.6,185,162263人评价,,"
                            导演: 让-马克·瓦雷 Jean-Marc Vallée   主演: 马修·麦康纳 Matthew McCon...,
                            2013 / 美国 / 剧情 传记 同性
                        ", / Dallas Buyers Club,Jared Leto的腿比女人还美！,https://img1.doubanio.com/view/movie_poster_cover/ipst/public/p2166160837.jpg,
"海盗电台,[可播放]",8.6,186,161997人评价,,"
                            导演: 理查德·柯蒂斯 Richard Curtis   主演: 比尔·奈伊 Bill Nighy / 肯尼...,
                            2009 / 英国 德国 法国 / 剧情 喜剧 音乐
                        ", / The Boat That Rocked,生命不止，摇滚不死。,https://img3.doubanio.com/view/movie_poster_cover/ipst/public/p769608791.jpg,
牯岭街少年杀人事件,8.7,187,102461人评价,,"
                            导演: 杨德昌 Edward Yang   主演: 张震 Chen Chang / 杨静怡 Lisa Yang / 张...,
                            1991 / 台湾 / 剧情 犯罪
                        ", / 牯嶺街少年殺人事件,弱者送给弱者的一刀。,https://img3.doubanio.com/view/movie_poster_cover/ipst/public/p848381236.jpg,
"惊魂记,[可播放]",8.8,188,79526人评价,,"
                            导演: Alfred Hitchcock   主演: Janet Leigh / Anthony Perkins / Vera Miles,
                            1960 / 美国 / 悬疑 恐怖
                        ", / Psycho,故事的反转与反转，分裂电影的始祖。,https://img3.doubanio.com/view/movie_poster_cover/ipst/public/p1021883305.jpg,
魔女宅急便,8.4,189,187119人评价,,"
                            导演: 宫崎骏 Hayao Miyazaki   主演: 高山南 / 佐久间玲 / 山口胜平,
                            1989 / 日本 / 动画 奇幻 冒险
                        ", / 魔女の宅急便,宫崎骏的电影总让人感觉世界是美好的，阳光明媚的。,https://img3.doubanio.com/view/movie_poster_cover/ipst/public/p456676352.jpg,
"再次出发之纽约遇见你,[可播放]",8.5,190,160516人评价,,"
                            导演: 约翰·卡尼 John Carney   主演: 凯拉·奈特莉 Keira Knightley / 马克...,
                            2013 / 美国 / 喜剧 爱情 音乐
                        ", / Begin Again,爱我就给我看你的播放列表。,https://img3.doubanio.com/view/movie_poster_cover/ipst/public/p2250287733.jpg,
"被解救的姜戈,[可播放]",8.5,191,251496人评价,,"
                            导演: 昆汀·塔伦蒂诺 Quentin Tarantino   主演: 杰米·福克斯 Jamie Foxx /...,
                            2012 / 美国 / 剧情 动作 西部 冒险
                        ", / Django Unchained,热血沸腾，那个低俗、性感的无耻混蛋又来了。,https://img1.doubanio.com/view/movie_poster_cover/ipst/public/p1959232369.jpg,
"绿里奇迹,[可播放]",8.7,192,102879人评价,,"
                            导演: Frank Darabont   主演: 汤姆·汉克斯 Tom Hanks / 大卫·摩斯 David M...,
                            1999 / 美国 / 犯罪 剧情 奇幻 悬疑
                        ", / The Green Mile,天使暂时离开。,https://img3.doubanio.com/view/movie_poster_cover/ipst/public/p767586451.jpg,
"东京物语,[可播放]",9.2,193,48533人评价,,"
                            导演: 小津安二郎 Yasujirô Ozu   主演: 笠智众 Chishû Ryû / 原节...,
                            1953 / 日本 / 剧情 家庭
                        ", / 東京物語,东京那么大，如果有一天走失了，恐怕一辈子不能再相见。,https://img3.doubanio.com/view/movie_poster_cover/ipst/public/p1910832390.jpg,
"勇闯夺命岛,[可播放]",8.5,194,137907人评价,,"
                            导演: 迈克尔·贝 Michael Bay   主演: 肖恩·康纳利 Sean Connery / 尼古拉...,
                            1996 / 美国 / 动作 冒险
                        ", / The Rock,类型片的极致。 ,https://img3.doubanio.com/view/movie_poster_cover/ipst/public/p636048104.jpg,
"迁徙的鸟,[可播放]",9.1,195,50716人评价,,"
                            导演: 雅克·贝汉 Jacques Perrin / 雅克·克鲁奥德 Jacques Cluzaud   主演:...,
                            2001 / 法国 德国 意大利 西班牙 瑞士 / 纪录片
                        ", / Le peuple migrateur,最美的飞翔。,https://img1.doubanio.com/view/movie_poster_cover/ipst/public/p2238274168.jpg,
末路狂花,8.7,196,100736人评价,,"
                            导演: 雷德利·斯科特 Ridley Scott   主演: 吉娜·戴维斯 Geena Davis / 苏...,
                            1991 / 美国 法国 / 犯罪 剧情 惊悚
                        ", / Thelma & Louise,没有了退路，只好飞向自由。,https://img3.doubanio.com/view/movie_poster_cover/ipst/public/p794583044.jpg,
"荒野生存,[可播放]",8.6,197,123160人评价,,"
                            导演: 西恩·潘 Sean Penn   主演: 埃米尔·赫斯基 Emile Hirsch / 马西娅·...,
                            2007 / 美国 / 冒险 传记 剧情
                        ", / Into the Wild,出门必备：本草纲目。,https://img1.doubanio.com/view/movie_poster_cover/ipst/public/p465687407.jpg,
"青蛇,[可播放]",8.4,198,211893人评价,,"
                            导演: 徐克 Hark Tsui   主演: 张曼玉 Maggie Cheung / 王祖贤 Joey Wang / ...,
                            1993 / 香港 / 剧情 奇幻 古装
                        ", / Green Snake,人生如此，浮生如斯。谁人言，花彼岸，此生情长意短。谁都是不懂爱的罢了。,https://img3.doubanio.com/view/movie_poster_cover/ipst/public/p584021784.jpg,
"卡萨布兰卡,[可播放]",8.6,199,120575人评价,,"
                            导演: Michael Curtiz   主演: 亨弗莱·鲍嘉 Humphrey Bogart / 英格丽·褒曼...,
                            1942 / 美国 / 剧情 爱情 战争
                        ", / Casablanca,与同名歌曲无关。,https://img3.doubanio.com/view/movie_poster_cover/ipst/public/p1244791866.jpg,
"哪吒闹海,[可播放]",8.8,200,76682人评价,,"
                            导演: 严定宪 Dingxian Yan / 王树忱 Shuchen Wang   主演: 梁正晖 Zhenghui ...,
                            1979 / 中国大陆 / 冒险 动画 奇幻
                        ", / Prince Nezha's Triumph Against Dragon King  /  Nezha nao hai,想你时你在闹海。,https://img1.doubanio.com/view/movie_poster_cover/ipst/public/p2163636038.jpg,
终结者2：审判日,8.5,201,136190人评价,,"
                            导演: 詹姆斯·卡梅隆 James Cameron   主演: 阿诺·施瓦辛格 Arnold Schwarz...,
                            1991 / 美国 法国 / 动作 科幻
                        ", / Terminator 2: Judgment Day,少见的超越首部的续集，动作片中的经典。,https://img3.doubanio.com/view/movie_poster_cover/ipst/public/p1910909085.jpg,
"忠犬八公物语,[可播放]",9.0,202,54650人评价,,"
                            导演: Seijirô Kôyama   主演: 山本圭 Kei Yamamoto / 井川比佐志 Hisa...,
                            1987 / 日本 / 剧情
                        ", / ハチ公物語,养狗三日，便会对你终其一生。,https://img3.doubanio.com/view/movie_poster_cover/ipst/public/p2297934945.jpg,
"这个男人来自地球,[可播放]",8.5,203,171987人评价,,"
                            导演: 理查德·沙因克曼 Richard Schenkman   主演: 大卫·李·史密斯 David ...,
                            2007 / 美国 / 剧情 科幻
                        ", / The Man from Earth,科幻真正的魅力不是视觉效果能取代的。 ,https://img3.doubanio.com/view/movie_poster_cover/ipst/public/p513303986.jpg,
"变脸,[可播放]",8.4,204,207386人评价,,"
                            导演: 吴宇森 John Woo   主演: 约翰·特拉沃尔塔 John Travolta / 尼古拉斯...,
                            1997 / 美国 / 动作 科幻 犯罪 惊悚
                        ", / Face/Off,当发哥的风衣、墨镜出现在了凯奇身上⋯⋯,https://img3.doubanio.com/view/movie_poster_cover/ipst/public/p2173855883.jpg,
燕尾蝶,8.6,205,105467人评价,,"
                            导演: 岩井俊二 Shunji Iwai   主演: 三上博史 / 恰拉 / 伊藤步,
                            1996 / 日本 / 犯罪 剧情
                        ", / スワロウテイル,现实与童话交相辉映的旅程。,https://img3.doubanio.com/view/movie_poster_cover/ipst/public/p532195562.jpg,
"源代码,[可播放]",8.3,206,395738人评价,,"
                            导演: 邓肯·琼斯 Duncan Jones   主演: 杰克·吉伦哈尔 Jake Gyllenhaal / ...,
                            2011 / 美国 加拿大 / 剧情 动作 科幻 犯罪 惊悚
                        ", / Source Code,邓肯·琼斯继《月球》之后再度奉献出一部精彩绝伦的科幻佳作。,https://img3.doubanio.com/view/movie_poster_cover/ipst/public/p988260245.jpg,
"新龙门客栈,[可播放]",8.4,207,176091人评价,,"
                            导演: 李惠民 Raymond Lee   主演: 张曼玉 Maggie Cheung / 林青霞 Brigitte ...,
                            1992 / 香港 中国大陆 / 剧情 动作 武侠 古装
                        ", / 新龍門客棧,嬉笑怒骂，调风动月。,https://img1.doubanio.com/view/movie_poster_cover/ipst/public/p1421018669.jpg,
"E.T. 外星人,[可播放]",8.5,208,147262人评价,,"
                            导演: Steven Spielberg   主演: Henry Thomas / Dee Wallace / Robert MacNa...,
                            1982 / 美国 / 剧情 科幻
                        ", / E.T.: The Extra-Terrestrial,生病的E.T.皮肤的颜色就像柿子饼。,https://img3.doubanio.com/view/movie_poster_cover/ipst/public/p984732992.jpg,
"英国病人,[可播放]",8.4,209,169494人评价,,"
                            导演: 安东尼·明格拉 Anthony Minghella   主演: 拉尔夫·费因斯 Ralph Fien...,
                            1996 / 美国 英国 / 爱情 剧情 战争
                        ", / The English Patient,"In memory, love lives forever...",https://img3.doubanio.com/view/movie_poster_cover/ipst/public/p2408623752.jpg,
黄金三镖客,9.1,210,49392人评价,,"
                            导演: Sergio Leone   主演: Clint Eastwood / Eli Wallach / Lee Van Cleef,
                            1966 / 意大利 西班牙 西德 / 冒险 西部
                        "," / Il buono, il brutto, il cattivo.",最棒的西部片。,https://img1.doubanio.com/view/movie_poster_cover/ipst/public/p2101693489.jpg,
"黑客帝国3：矩阵革命,[可播放]",8.5,211,149223人评价,,"
                            导演: Andy Wachowski / Larry Wachowski   主演: Keanu Reeves / Laurence F...,
                            2003 / 美国 澳大利亚 / 动作 科幻
                        ", / The Matrix Revolutions,不得不说，《黑客帝国》系列是商业片与科幻、哲学完美结合的典范。,https://img1.doubanio.com/view/movie_poster_cover/ipst/public/p443461818.jpg,
发条橙,8.4,212,180343人评价,,"
                            导演: Stanley Kubrick   主演: Malcolm McDowell / Patrick Magee / Michael...,
                            1971 / 英国 美国 / 犯罪 剧情 科幻
                        ", / A Clockwork Orange,我完全康复了。,https://img3.doubanio.com/view/movie_poster_cover/ipst/public/p529908155.jpg,
"美国丽人,[可播放]",8.4,213,178695人评价,,"
                            导演: 萨姆·门德斯 Sam Mendes   主演: 凯文·史佩西 Kevin Spacey / 安妮特...,
                            1999 / 美国 / 剧情 家庭
                        ", / American Beauty,每个人的内心都是深不可测的大海。 ,https://img3.doubanio.com/view/movie_poster_cover/ipst/public/p571671715.jpg,
"城市之光,[可播放]",9.2,214,41569人评价,,"
                            导演: Charles Chaplin   主演: 查理·卓别林 Charles Chaplin / 弗吉尼亚·...,
                            1931 / 美国 / 喜剧 剧情 爱情
                        ", / City Lights,永远的小人物，伟大的卓别林。,https://img3.doubanio.com/view/movie_poster_cover/ipst/public/p2099815842.jpg,
叫我第一名,8.6,215,105236人评价,,"
                            导演: 彼得·维纳 Peter Werner   主演: 詹姆斯·沃克 James Wolk / 特里特·...,
                            2008 / 美国 / 剧情 传记
                        ", / Front of the Class,乐观比一切都有力量。,https://img3.doubanio.com/view/movie_poster_cover/ipst/public/p496133870.jpg,
"无耻混蛋,[可播放]",8.4,216,215915人评价,,"
                            导演: Quentin Tarantino   主演: 布拉德·皮特 Brad Pitt / 梅拉尼·罗兰 M...,
                            2009 / 美国 德国 / 剧情 犯罪
                        ", / Inglourious Basterds,昆汀同学越来越变态了，比北野武还杜琪峰。,https://img3.doubanio.com/view/movie_poster_cover/ipst/public/p770734475.jpg,
"穆赫兰道,[可播放]",8.3,217,226692人评价,,"
                            导演: 大卫·林奇 David Lynch   主演: 娜奥米·沃茨 Naomi Watts / 劳拉·哈...,
                            2001 / 法国 美国 / 剧情 悬疑 惊悚
                        ", / Mulholland Dr.,大卫·林奇的梦境迷宫。,https://img3.doubanio.com/view/movie_poster_cover/ipst/public/p792248233.jpg,
"非常嫌疑犯,[可播放]",8.6,218,111943人评价,,"
                            导演: 布莱恩·辛格 Bryan Singer   主演: 史蒂芬·鲍德温 Stephen Baldwin /...,
                            1995 / 德国 美国 / 剧情 犯罪 悬疑 惊悚
                        ", / The Usual Suspects,我不信仰上帝，但我敬畏上帝。,https://img3.doubanio.com/view/movie_poster_cover/ipst/public/p470383576.jpg,
"初恋这件小事,[可播放]",8.2,219,441680人评价,,"
                            导演: 普特鹏·普罗萨卡·那·萨克那卡林 Puttipong Promsaka Na Sakolnakorn / 华森·波克彭...,
                            2010 / 泰国 / 剧情 喜剧 爱情
                        ", / สิ่งเล็กเล็กที่เรียกว่า...รัก,黑小鸭速效美白记。,https://img3.doubanio.com/view/movie_poster_cover/ipst/public/p1505312273.jpg,
"勇士,[可播放]",8.9,220,84875人评价,,"
                            导演: 加文·欧康诺 Gavin O'Connor   主演: 汤姆·哈迪 Tom Hardy / 乔尔·...,
                            2011 / 美国 / 剧情 运动 家庭
                        ", / Warrior,热血沸腾，相当完美的娱乐拳击大餐。,https://img3.doubanio.com/view/movie_poster_cover/ipst/public/p1145536386.jpg,
"模仿游戏,[可播放]",8.5,221,243112人评价,,"
                            导演: 莫腾·泰杜姆 Morten Tyldum   主演: 本尼迪克特·康伯巴奇 Benedict C...,
                            2014 / 英国 美国 / 剧情 传记 战争 同性
                        ", / The Imitation Game,他给机器起名“克里斯托弗”，因为这是他初恋的名字。,https://img3.doubanio.com/view/movie_poster_cover/ipst/public/p2255040492.jpg,
上帝也疯狂,8.6,222,92888人评价,,"
                            导演: Jamie Uys   主演: Marius Weyers / Sandra Prinsloo / N!xau,
                            1980 / 博茨瓦纳 南非 / 喜剧
                        ", / The Gods Must Be Crazy,纯净原始的笑与感动。,https://img1.doubanio.com/view/movie_poster_cover/ipst/public/p2173719647.jpg,
蓝色大门,8.3,223,266104人评价,,"
                            导演: 易智言 Chih-yen Yee   主演: 陈柏霖 Bo-lin Chen / 桂纶镁 Lunmei Kwa...,
                            2002 / 台湾 法国 / 剧情 爱情 同性
                        ", / 藍色大門,青春的窃窃私语。 ,https://img3.doubanio.com/view/movie_poster_cover/ipst/public/p584822570.jpg,
爱·回家,9.0,224,45644人评价,,"
                            导演: 李廷香 Jeong-hyang Lee   主演: 金艺芬 Eul-boon Kim / 俞承豪 Seung-...,
                            2002 / 韩国 / 剧情 家庭
                        ", / 집으로...,献给所有外婆的电影。,https://img3.doubanio.com/view/movie_poster_cover/ipst/public/p2107418134.jpg,
"无敌破坏王,[可播放]",8.6,225,178053人评价,,"
                            导演: 瑞奇·莫尔 Rich Moore   主演: 简·林奇 Jane Lynch / 约翰·C·赖利 ...,
                            2012 / 美国 / 喜剧 动画 冒险
                        ", / Wreck-It Ralph,迪士尼和皮克斯拿错剧本的产物。,https://img3.doubanio.com/view/movie_poster_cover/ipst/public/p1735642656.jpg,
"爱在午夜降临前,[可播放]",8.8,226,109867人评价,,"
                            导演: 理查德·林克莱特 Richard Linklater   主演: 伊桑·霍克 Ethan Hawke ...,
                            2013 / 美国 / 剧情 爱情
                        ", / Before Midnight,所谓爱情，就是话唠一路，都不会心生腻烦，彼此嫌弃。,https://img1.doubanio.com/view/movie_poster_cover/ipst/public/p2074715729.jpg,
"血钻,[可播放]",8.5,227,125016人评价,,"
                            导演: 爱德华·兹威克 Edward Zwick   主演: 莱昂纳多·迪卡普里奥 Leonardo ...,
                            2006 / 美国 德国 / 剧情 惊悚 冒险
                        ", / Blood Diamond,每个美丽事物背后都是滴血的现实。,https://img3.doubanio.com/view/movie_poster_cover/ipst/public/p1244016882.jpg,
"大卫·戈尔的一生,[可播放]",8.6,228,86883人评价,,"
                            导演: Alan Parker   主演: 凯文·史派西 Kevin Spacey / 凯特·温丝莱特 Kat...,
                            2003 / 美国 德国 英国 / 剧情 犯罪 悬疑
                        ", / The Life of David Gale,捍卫人权只是信仰，一点不妨碍其行为的残忍。,https://img1.doubanio.com/view/movie_poster_cover/ipst/public/p2186861098.jpg,
"国王的演讲,[可播放]",8.3,229,325706人评价,,"
                            导演: 汤姆·霍珀 Tom Hooper   主演: 柯林·菲尔斯 Colin Firth / 杰弗里·...,
                            2010 / 英国 澳大利亚 美国 / 剧情 传记 历史
                        ", / The King's Speech,皇上无话儿。,https://img1.doubanio.com/view/movie_poster_cover/ipst/public/p768879237.jpg,
"房间,[可播放]",8.8,230,140670人评价,,"
                            导演: 伦尼·阿伯拉罕森 Lenny Abrahamson   主演: 布丽·拉尔森 Brie Larson...,
                            2015 / 爱尔兰 加拿大 / 剧情 家庭
                        ", / Room,被偷走的岁月，被伤害的生命，被禁锢的灵魂，终将被希望和善意救赎。,https://img3.doubanio.com/view/movie_poster_cover/ipst/public/p2259715855.jpg,
枪火,8.6,231,95407人评价,,"
                            导演: 杜琪峰 Johnnie To   主演: 吴镇宇 Francis Ng / 任达华 Simon Yam / ...,
                            1999 / 香港 / 剧情 动作 犯罪
                        ", / 鎗火,一群演技精湛的戏骨，奉献出一个精致的黑帮小品，成就杜琪峰群戏的巅峰之作。,https://img3.doubanio.com/view/movie_poster_cover/ipst/public/p1538646661.jpg,
疯狂的石头,8.2,232,298472人评价,,"
                            导演: 宁浩 Hao Ning   主演: 郭涛 Tao Guo / 刘桦 Hua Liu / 连晋 Teddy Lin,
                            2006 / 中国大陆 香港 / 喜剧 犯罪
                        ", / Crazy Stone,中国版《两杆大烟枪》。,https://img3.doubanio.com/view/movie_poster_cover/ipst/public/p712241453.jpg,
"曾经,[可播放]",8.3,233,197096人评价,,"
                            导演: 约翰·卡尼 John Carney   主演: 格伦·汉塞德 Glen Hansard / 玛可塔...,
                            2007 / 爱尔兰 / 剧情 音乐 爱情
                        ", / Once,有些幸福无关爱情。,https://img3.doubanio.com/view/movie_poster_cover/ipst/public/p2173720203.jpg,
"麦兜故事,[可播放]",8.5,234,123224人评价,,"
                            导演: 袁建滔 Toe Yuen   主演: 李晋纬 / 林海峰 Jan Lamb / 吴君如 Sandra Ng,
                            2001 / 香港 / 剧情 喜剧 动画
                        ", / 麥兜故事,麦兜是一只很哲学的猪。 ,https://img3.doubanio.com/view/movie_poster_cover/ipst/public/p804938713.jpg,
"暖暖内含光,[可播放]",8.4,235,139386人评价,,"
                            导演: 米歇尔·冈瑞 Michel Gondry   主演: 金·凯瑞 Jim Carrey / 凯特·温...,
                            2004 / 美国 / 剧情 爱情 奇幻
                        ", / Eternal Sunshine of the Spotless Mind,恋爱是一次神经的冒险。就算失去记忆，也会爱上你。,https://img3.doubanio.com/view/movie_poster_cover/ipst/public/p479565065.jpg,
"千钧一发,[可播放]",8.7,236,80956人评价,,"
                            导演: 安德鲁·尼科尔 Andrew Niccol   主演: 伊桑·霍克 Ethan Hawke / 乌玛...,
                            1997 / 美国 / 剧情 科幻
                        ", / Gattaca,一部能引人思考的科幻励志片。,https://img3.doubanio.com/view/movie_poster_cover/ipst/public/p2195672555.jpg,
"头脑特工队,[可播放]",8.7,237,210233人评价,,"
                            导演: 彼特·道格特 Pete Docter / 罗纳尔多·德尔·卡门 Ronaldo Del Carmen  &nb...,
                            2015 / 美国 / 喜剧 动画 冒险
                        ", / Inside Out,愿我们都不用长大，每一座城堡都能永远存在。,https://img3.doubanio.com/view/movie_poster_cover/ipst/public/p2266293606.jpg,
"遗愿清单,[可播放]",8.5,238,121075人评价,,"
                            导演: 罗伯·莱纳 Rob Reiner   主演: 杰克·尼科尔森 Jack Nicholson / 摩根...,
                            2007 / 美国 / 冒险 喜剧 剧情
                        ", / The Bucket List,用剩余不多的时间，去燃烧整个生命。,https://img3.doubanio.com/view/movie_poster_cover/ipst/public/p708613284.jpg,
"荒岛余生,[可播放]",8.5,239,127214人评价,,"
                            导演: 罗伯特·泽米吉斯 Robert Zemeckis   主演: 汤姆·汉克斯 Tom Hanks / ...,
                            2000 / 美国 / 冒险 剧情
                        ", / Cast Away,一个人的独角戏。,https://img1.doubanio.com/view/movie_poster_cover/ipst/public/p1341248319.jpg,
蝴蝶,8.6,240,92787人评价,,"
                            导演: 菲利普·穆伊尔 Philippe Muyl   主演: 米歇尔·塞罗 Michel Serrault ...,
                            2002 / 法国 / 剧情 儿童 喜剧
                        ", / Le Papillon,我们长途跋涉寻找的东西，有可能一直就在身边。 ,https://img3.doubanio.com/view/movie_poster_cover/ipst/public/p1451436171.jpg,
巴黎淘气帮,8.6,241,101965人评价,,"
                            导演: Laurent Tirard   主演: 马克西姆·戈达尔 Maxime Godart / 瓦莱丽·勒...,
                            2009 / 法国 比利时 / 儿童 喜剧 家庭
                        ", / Le petit Nicolas,四百击的反面。,https://img1.doubanio.com/view/movie_poster_cover/ipst/public/p465446537.jpg,
与狼共舞,8.9,242,54349人评价,,"
                            导演: Kevin Costner   主演: Kevin Costner / Mary McDonnell / Graham Greene,
                            1990 / 美国 / 冒险 剧情 西部
                        ", / Dances with Wolves,充满诗意与情怀的史诗作品。 ,https://img1.doubanio.com/view/movie_poster_cover/ipst/public/p499158228.jpg,
"月球,[可播放]",8.5,243,137838人评价,,"
                            导演: 邓肯·琼斯 Duncan Jones   主演: 山姆·洛克威尔 Sam Rockwell / 凯文...,
                            2009 / 英国 / 剧情 科幻 悬疑
                        ", / Moon,2009媲美《第九区》的又一部科幻神作。,https://img3.doubanio.com/view/movie_poster_cover/ipst/public/p449399746.jpg,
"偷拐抢骗,[可播放]",8.5,244,112189人评价,,"
                            导演: 盖·里奇 Guy Ritchie   主演: 布拉德·皮特 Brad Pitt / 本尼西奥·德...,
                            2000 / 英国 美国 / 喜剧 犯罪
                        ", / Snatch,典型盖·里奇式的英国黑色幽默黑帮片。,https://img1.doubanio.com/view/movie_poster_cover/ipst/public/p616753227.jpg,
"我爱你,[可播放]",9.0,245,53225人评价,,"
                            导演: 秋昌民 Chang-min Choo   主演: 宋在河 Jae-ho Song / 李顺载 Soon-jae...,
                            2011 / 韩国 / 剧情 爱情
                        ", / 그대를 사랑합니다,你要相信，这世上真的有爱存在，不管在什么年纪 ,https://img1.doubanio.com/view/movie_poster_cover/ipst/public/p1075591188.jpg,
"彗星来的那一夜,[可播放]",8.4,246,162304人评价,,"
                            导演: 詹姆斯·沃德·布柯特 James Ward Byrkit   主演: 艾米丽·芭尔多尼 Em...,
                            2013 / 美国 英国 / 科幻 悬疑 惊悚
                        ", / Coherence,小成本大魅力。,https://img3.doubanio.com/view/movie_poster_cover/ipst/public/p2187896711.jpg,
"步履不停,[可播放]",8.8,247,62082人评价,,"
                            导演: 是枝裕和 Hirokazu Koreeda   主演: 阿部宽 Hiroshi Abe / 夏川结衣 Yu...,
                            2008 / 日本 / 剧情 家庭
                        ", / 歩いても 歩いても,日本的家庭电影已经是世界巅峰了，步履不停是巅峰中的佳作。,https://img1.doubanio.com/view/movie_poster_cover/ipst/public/p672446737.jpg,
"夜访吸血鬼,[可播放]",8.3,248,191247人评价,,"
                            导演: 尼尔·乔丹 Neil Jordan   主演: 布拉德·皮特 Brad Pitt / 汤姆·克鲁...,
                            1994 / 美国 / 剧情 奇幻 惊悚
                        ", / Interview with the Vampire: The Vampire Chronicles,弥漫淡淡血腥气的优雅。,https://img3.doubanio.com/view/movie_poster_cover/ipst/public/p1353910572.jpg,
寿司之神,8.8,249,78829人评价,,"
                            导演: 大卫·贾柏 David Gelb   主演: 小野二郎  Jiro Ono / 小野祯一 Yoshik...,
                            2011 / 美国 / 纪录片
                        ", / Jiro Dreams of Sushi,仪式主义的狂欢，偏执狂的完胜。,https://img3.doubanio.com/view/movie_poster_cover/ipst/public/p1528763106.jpg,
"廊桥遗梦,[可播放]",8.6,250,94535人评价,,"
                            导演: 克林特·伊斯特伍德 Clint Eastwood   主演: 克林特·伊斯特伍德 Clint...,
                            1995 / 美国 / 剧情 爱情
                        ", / The Bridges of Madison County,这样确切的爱，一生只有一次。,https://img1.doubanio.com/view/movie_poster_cover/ipst/public/p2190558219.jpg,
